system,method,shots,computer,Moment 0,Moment 1,Moment 2,Moment 3,Moment 4,Moment 5,Moment 6,Moment 7,Moment 8,Moment 9,PDS 1,PDS 2,PDS 3,PDS 4,PDS 5
linear_4,mix,21504,qasm simulator,1.0,1.82421875,6.9375,9.953125,87.890625,-91.57421875,1906.890625,-8015.9140625,63218.96875,-368833.72265625,1.82421875,-3.2800572503826855,-5.8496052155872595,-6.3534670996003015,-6.458567874607885
linear_4,mix,21504,qasm simulator,1.0,1.791015625,6.56640625,9.978515625,80.0390625,-68.068359375,1678.88671875,-6812.068359375,54751.828125,-316700.490234375,1.791015625,-3.0197464504732565,-5.797355585482223,-6.3279738142545465,-6.456623248433532
linear_4,mix,21504,qasm simulator,1.0,1.748046875,6.61328125,9.919921875,75.9453125,-35.517578125,1408.71484375,-4949.783203125,41922.390625,-231797.345703125,1.748046875,-2.96412702751763,-5.305573197399815,-6.248254171946293,-6.456364086111544
linear_4,mix,21504,qasm simulator,1.0,1.919921875,7.14453125,10.771484375,86.8359375,-65.845703125,1764.04296875,-6907.525390625,56142.234375,-321083.861328125,1.919921875,-3.419332989584544,-5.675829365090893,-6.357139018205624,-6.463245154978146
linear_4,mix,21504,qasm simulator,1.0,1.83984375,6.78515625,10.91796875,76.9453125,-24.23828125,1405.44921875,-4784.97265625,41533.265625,-228200.12890625,1.83984375,-3.002482727334309,-5.3601810811429775,-6.254659926631165,-6.456621913255351
linear_4,mix,21504,qasm simulator,1.0,1.84375,7.26953125,9.8359375,89.4140625,-79.3125,1811.46484375,-7138.7578125,57129.453125,-326161.15625,1.84375,-3.490955249602817,-5.510829907422009,-6.361382612686032,-6.4641443359057185
linear_4,mix,21504,qasm simulator,1.0,1.7578125,7.14453125,8.63671875,90.6796875,-105.625,1922.35546875,-8014.77734375,62244.921875,-360602.5703125,1.7578125,-3.496748784611326,-5.552742679602075,-6.3600382568606655,-6.4629524013413295
linear_4,mix,21504,qasm simulator,1.0,1.82421875,6.87890625,10.7109375,79.2421875,-31.29296875,1462.27734375,-5058.875,43378.671875,-239074.22265625,1.82421875,-3.0676404070829624,-5.347759841149645,-6.277710187088685,-6.458259463692457
linear_4,mix,21504,qasm simulator,1.0,1.943359375,6.67578125,11.845703125,75.4921875,-17.267578125,1411.01171875,-4895.583984375,42881.046875,-238311.541015625,1.943359375,-2.9275453058333367,-5.664805705612924,-6.306126252616561,-6.45938072647098
linear_4,mix,21504,qasm simulator,1.0,1.77734375,7.41015625,8.375,96.4609375,-130.79296875,2120.27734375,-9187.6015625,70135.484375,-410654.42578125,1.77734375,-3.683798256631096,-5.6249152860571865,-6.360928201729271,-6.461750680591417
linear_4,mix,21504,qasm simulator,1.0,1.828125,7.14453125,9.2421875,90.9296875,-107.875,1978.94921875,-8436.3671875,65476.046875,-382592.828125,1.828125,-3.5406969333841056,-5.725158827749057,-6.35049619733776,-6.4607777067465015
linear_4,mix,21504,qasm simulator,1.0,1.6484375,6.9140625,7.24609375,89.359375,-127.046875,1959.4921875,-8531.13671875,64620.21875,-378385.1796875,1.6484375,-3.459262177935271,-5.541789075701423,-6.332439343655912,-6.460390592094578
linear_4,mix,21504,qasm simulator,1.0,1.87109375,6.80859375,10.35546875,82.0234375,-63.58203125,1679.30078125,-6648.97265625,53877.796875,-309328.84765625,1.87109375,-3.2391248179953407,-5.716392426654293,-6.332439729448085,-6.460430339855714
linear_4,mix,21504,qasm simulator,1.0,1.830078125,6.90234375,9.490234375,87.8046875,-101.599609375,1933.70703125,-8298.439453125,64662.609375,-379168.029296875,1.830078125,-3.3943520464742236,-5.852302330359925,-6.35517362721758,-6.459866948469355
linear_4,mix,21504,qasm simulator,1.0,1.91796875,6.80859375,12.6640625,73.0546875,20.78515625,1191.30078125,-3221.65625,32189.859375,-166329.34765625,1.91796875,-2.7190432697501237,-5.215021116756954,-6.1976963427866405,-6.452846969262551
linear_4,mix,21504,qasm simulator,1.0,1.818359375,6.73828125,10.404296875,76.8203125,-30.775390625,1410.90234375,-4877.876953125,41749.890625,-229958.806640625,1.818359375,-3.060368970218082,-5.321387858482863,-6.273130222431123,-6.46015809888698
linear_4,mix,21504,qasm simulator,1.0,1.78515625,6.7421875,10.09765625,82.125,-66.26171875,1693.6484375,-6742.91796875,54492.5625,-313253.24609375,1.78515625,-3.0635651128419554,-5.702739607173393,-6.31499663397741,-6.456262410733229
linear_4,mix,21504,qasm simulator,1.0,1.7109375,7.2578125,7.83984375,96.546875,-144.546875,2187.2734375,-9746.10546875,73615.59375,-434453.7421875,1.7109375,-3.585650216369269,-5.697027376651201,-6.350545566358102,-6.4595815773169605
linear_4,mix,21504,qasm simulator,1.0,1.83203125,6.84375,10.37890625,80.03125,-43.04296875,1524.0625,-5528.43359375,46297.4375,-258670.79296875,1.83203125,-3.150990374915074,-5.430731006164098,-6.311056591784365,-6.4617923908533275
linear_4,mix,21504,qasm simulator,1.0,1.849609375,6.9921875,9.755859375,89.328125,-102.369140625,1972.4453125,-8465.587890625,66075.03125,-387593.212890625,1.849609375,-3.4172669818212875,-5.884475664728317,-6.360537720878145,-6.459680902545059
linear_4,mix,21504,qasm simulator,1.0,1.896484375,6.95703125,9.904296875,88.2109375,-99.556640625,1946.98046875,-8359.830078125,65327.984375,-383437.259765625,1.896484375,-3.4983151773349803,-5.924505352441707,-6.370290007161967,-6.461989808520684
linear_4,mix,21504,qasm simulator,1.0,1.7421875,7.1171875,8.80859375,87.75,-86.375,1774.7421875,-7041.77734375,55666.4375,-317636.3671875,1.7421875,-3.413605653960465,-5.401307746694769,-6.3383927982505615,-6.46245665160776
linear_4,mix,21504,qasm simulator,1.0,1.75,6.91796875,8.87109375,86.4921875,-93.9765625,1825.03515625,-7554.48046875,59140.609375,-342399.078125,1.75,-3.3457620477459833,-5.590412715966238,-6.3282222375082195,-6.459735727127393
linear_4,mix,21504,qasm simulator,1.0,1.896484375,6.68359375,11.791015625,74.3671875,-4.314453125,1313.92578125,-4176.044921875,38028.734375,-205670.525390625,1.896484375,-2.835333667302258,-5.41945070982894,-6.275166112281578,-6.4591011171742085
linear_4,mix,21504,qasm simulator,1.0,1.927734375,6.7578125,10.486328125,82.828125,-73.376953125,1761.5546875,-7253.630859375,58053.78125,-337399.244140625,1.927734375,-3.340475361185444,-5.930956805992983,-6.370007483560056,-6.464391695818698
linear_4,mix,21504,qasm simulator,1.0,1.876953125,6.734375,11.642578125,71.21875,18.814453125,1106.703125,-2768.732421875,28187.6875,-140704.373046875,1.876953125,-2.864832050598671,-4.928449392552179,-6.237373451849673,-6.470642502334112
linear_4,mix,21504,qasm simulator,1.0,1.671875,7.1640625,6.83984375,96.84375,-164.7109375,2251.6953125,-10334.76171875,76773.375,-456366.59375,1.671875,-3.666250677139689,-5.697441858975338,-6.354358401831085,-6.460558007788643
linear_4,mix,21504,qasm simulator,1.0,1.734375,6.7421875,9.21875,79.5625,-58.03125,1539.0859375,-5776.015625,47063.1875,-264693.984375,1.734375,-3.1600443552878184,-5.340570190973434,-6.277998700885478,-6.458924722376846
linear_4,mix,21504,qasm simulator,1.0,1.80078125,6.68359375,10.69921875,79.2109375,-46.41796875,1575.67578125,-5979.01953125,49670.171875,-282166.07421875,1.80078125,-2.9183200536788245,-5.6687384762515745,-6.298007114692901,-6.454649370450513
linear_4,mix,21504,qasm simulator,1.0,1.677734375,7.22265625,6.400390625,103.3203125,-206.908203125,2574.48046875,-12453.435546875,91095.390625,-549788.869140625,1.677734375,-3.7821261182176804,-5.927059249343094,-6.378754126243351,-6.460370858769858
linear_4,mix,21504,qasm simulator,1.0,1.8671875,6.9921875,9.47265625,88.46875,-103.546875,1941.5859375,-8333.22265625,64791.0,-379783.5859375,1.8671875,-3.5378456366566575,-5.823871544656574,-6.359825300440361,-6.4620056643301576
linear_4,mix,21504,qasm simulator,1.0,1.939453125,6.7890625,11.794921875,78.6875,-28.380859375,1515.9765625,-5477.619140625,46970.6875,-263862.201171875,1.939453125,-3.004988836898422,-5.732953349801777,-6.324739896214458,-6.459104001823415
linear_4,mix,21504,qasm simulator,1.0,1.837890625,7.33984375,8.763671875,93.4921875,-113.060546875,1994.58203125,-8389.759765625,64844.734375,-376540.458984375,1.837890625,-3.7409461171580958,-5.575986345351961,-6.425442041508461,-6.475066447330125
linear_4,mix,21504,qasm simulator,1.0,1.84765625,6.7578125,11.33984375,72.125,13.41015625,1131.9140625,-2913.62890625,29006.6875,-145677.21484375,1.84765625,-2.8954600026795188,-4.911254654470277,-6.240420192356868,-6.469220765592288
linear_4,mix,21504,qasm simulator,1.0,1.71875,6.92578125,9.24609375,82.5859375,-60.3046875,1587.41796875,-5897.62109375,48114.859375,-269452.390625,1.71875,-3.196000010870084,-5.293301530743086,-6.289538577397906,-6.458826849081411
linear_4,mix,21504,qasm simulator,1.0,1.759765625,7.171875,7.716796875,96.9375,-158.154296875,2270.765625,-10423.197265625,78027.125,-464625.255859375,1.759765625,-3.7084157632386896,-5.828487690272113,-6.372927772457485,-6.46167129270161
linear_4,mix,21504,qasm simulator,1.0,1.8203125,7.0546875,10.38671875,83.1875,-46.859375,1578.9921875,-5706.13671875,47669.5625,-265647.6640625,1.8203125,-3.2189349234442024,-5.372725897203249,-6.307040942526568,-6.460022937756728
linear_4,mix,21504,qasm simulator,1.0,1.818359375,6.8828125,8.650390625,89.046875,-121.751953125,2015.2734375,-8941.544921875,68322.84375,-403805.884765625,1.818359375,-3.563585399909005,-5.853903100522764,-6.366548843145791,-6.462648004156494
linear_4,mix,21504,qasm simulator,1.0,1.880859375,6.90234375,11.552734375,79.4609375,-23.291015625,1473.58203125,-5066.306640625,44114.921875,-243616.400390625,1.880859375,-2.995715238742199,-5.49039706236846,-6.291743293849678,-6.45728930637906
linear_4,mix,21504,qasm simulator,1.0,1.845703125,6.75390625,11.076171875,74.4453125,-5.630859375,1266.19921875,-3837.150390625,35152.640625,-186186.857421875,1.845703125,-2.957685076896522,-5.146009067182178,-6.26275866167628,-6.4635181628640535
linear_4,mix,21504,qasm simulator,1.0,1.810546875,6.63671875,10.423828125,80.5078125,-61.197265625,1669.67578125,-6659.740234375,54110.453125,-311745.142578125,1.810546875,-2.9849936140808326,-5.807921478088025,-6.329854036014445,-6.4562065449479284
linear_4,mix,21504,qasm simulator,1.0,1.740234375,6.48828125,10.685546875,70.5078125,1.240234375,1168.58984375,-3370.126953125,31673.515625,-165176.697265625,1.740234375,-2.6952989426515606,-5.039412221606056,-6.15271041232335,-6.451123392378634
linear_4,mix,21504,qasm simulator,1.0,1.8203125,6.828125,11.3203125,77.328125,-13.9765625,1378.1875,-4468.1328125,39867.84375,-216045.9609375,1.8203125,-2.883099160082867,-5.315655305873934,-6.247705312623104,-6.454521041440369
linear_4,mix,21504,qasm simulator,1.0,1.880859375,7.00390625,11.556640625,76.5390625,2.107421875,1260.54296875,-3589.154296875,33890.953125,-175872.916015625,1.880859375,-3.0502188107765043,-5.041768583788926,-6.256045698447407,-6.4633329777043524
linear_4,mix,21504,qasm simulator,1.0,1.671875,7.41015625,6.33203125,100.7734375,-176.3984375,2322.71484375,-10629.64453125,78492.859375,-465434.53125,1.671875,-3.8240155072297695,-5.600855448191192,-6.388872633315604,-6.46500329145004
linear_4,mix,21504,qasm simulator,1.0,1.80078125,6.9140625,10.609375,78.578125,-23.72265625,1396.3359375,-4578.7890625,40038.78125,-216663.93359375,1.80078125,-3.057938011450364,-5.191122785018559,-6.260306692490234,-6.458494160880143
linear_4,mix,21504,qasm simulator,1.0,1.78515625,7.1015625,9.22265625,87.15625,-82.13671875,1768.0390625,-7016.29296875,55744.375,-318563.99609375,1.78515625,-3.4197726454563933,-5.463071880672636,-6.338990687679388,-6.462576805096346
linear_4,mix,21504,qasm simulator,1.0,1.951171875,6.74609375,12.068359375,75.9140625,-12.064453125,1395.28515625,-4712.103515625,41843.140625,-230766.705078125,1.951171875,-2.926140944351812,-5.612639695949707,-6.299660221274084,-6.459129554065929
linear_4,mix,21504,qasm simulator,1.0,1.693359375,6.82421875,9.107421875,81.8203125,-65.478515625,1608.76953125,-6147.720703125,49677.953125,-280816.275390625,1.693359375,-3.1321275717862127,-5.366018043003076,-6.264626220721766,-6.455738010272693
linear_4,mix,21504,qasm simulator,1.0,1.86328125,6.78515625,9.875,85.2578125,-89.14453125,1854.54296875,-7833.9453125,61712.515625,-360686.02734375,1.86328125,-3.335872296007506,-5.8987991631510805,-6.366299789233786,-6.461932309465169
linear_4,mix,21504,qasm simulator,1.0,1.9140625,7.0703125,10.0546875,92.546875,-116.6171875,2120.1171875,-9386.2890625,72643.96875,-430163.6484375,1.9140625,-3.557689747302882,-6.081483327926382,-6.3918240581682095,-6.461072579885235
linear_4,mix,21504,qasm simulator,1.0,1.650390625,6.85546875,8.408203125,81.5234375,-65.974609375,1554.47265625,-5781.216796875,46624.421875,-260349.787109375,1.650390625,-3.204730288480195,-5.178794661177227,-6.267465503873378,-6.4585023732342615
linear_4,mix,21504,qasm simulator,1.0,1.892578125,7.2734375,9.927734375,91.4375,-94.255859375,1937.0859375,-8000.251953125,63064.5625,-365411.904296875,1.892578125,-3.6038259883549078,-5.698025760810933,-6.3815366924250725,-6.465465223171312
linear_4,mix,21504,qasm simulator,1.0,1.951171875,6.25390625,13.982421875,59.7421875,80.826171875,763.12109375,-731.298828125,15840.046875,-63659.673828125,1.951171875,-1.8649027076647369,-4.772342796918839,-5.91731461490553,-6.4359329122407685
linear_4,mix,21504,qasm simulator,1.0,1.857421875,6.91015625,10.447265625,84.6171875,-70.447265625,1761.68359375,-7084.263671875,57077.421875,-329162.189453125,1.857421875,-3.2279260052959113,-5.765135656647648,-6.3341968139561535,-6.458254182603367
linear_4,mix,21504,qasm simulator,1.0,1.814453125,7.0625,9.228515625,87.90625,-91.638671875,1839.59375,-7544.974609375,59324.4375,-342615.216796875,1.814453125,-3.4779834089767516,-5.5897709319361635,-6.356630626696797,-6.463940872729696
linear_4,mix,21504,qasm simulator,1.0,1.86328125,7.03515625,9.87890625,88.7265625,-94.99609375,1921.16796875,-8095.48046875,63599.953125,-371097.29296875,1.86328125,-3.4413539551420165,-5.815452132506293,-6.355072109329569,-6.460407790884274
linear_4,mix,21504,qasm simulator,1.0,1.7734375,6.83984375,9.8984375,79.8828125,-46.3828125,1511.47265625,-5470.9140625,45549.703125,-253807.7890625,1.7734375,-3.1308075491942895,-5.3325109181998425,-6.274640853310435,-6.458238709712848
linear_4,mix,21504,qasm simulator,1.0,1.978515625,7.03515625,11.501953125,82.1796875,-38.193359375,1580.65234375,-5757.201171875,48659.671875,-273119.115234375,1.978515625,-3.339869662907892,-5.619005520477301,-6.374290935582361,-6.471017027370841
linear_4,mix,21504,qasm simulator,1.0,1.880859375,6.6796875,10.107421875,81.96875,-77.306640625,1755.1796875,-7300.423828125,58056.625,-338196.306640625,1.880859375,-3.272289977455658,-5.898456131686714,-6.353865798423319,-6.460788073224457
linear_4,mix,21504,qasm simulator,1.0,1.75,7.0234375,8.328125,90.03125,-115.984375,1964.2734375,-8445.5625,64850.75,-379178.53125,1.75,-3.50433493388101,-5.63810820587216,-6.349314942122927,-6.461571843572935
linear_4,mix,21504,qasm simulator,1.0,1.9375,6.4765625,13.59375,64.328125,63.65625,891.2421875,-1423.8125,20412.90625,-91718.75,1.9375,-2.209991540632554,-4.897611889511218,-6.029928876418397,-6.443943964012288
linear_4,mix,21504,qasm simulator,1.0,1.904296875,6.94921875,11.052734375,82.9765625,-50.892578125,1653.36328125,-6294.837890625,52108.390625,-296125.189453125,1.904296875,-3.210240423538611,-5.685708799696204,-6.334491633639171,-6.460315775472399
linear_4,mix,21504,qasm simulator,1.0,1.77734375,6.83984375,9.609375,83.6953125,-74.66796875,1723.62890625,-6902.6171875,55203.203125,-317211.30078125,1.77734375,-3.2077745076719135,-5.6077517800907835,-6.313480417497425,-6.45796210105177
linear_4,mix,21504,qasm simulator,1.0,1.8125,6.69921875,10.7109375,74.1015625,-9.203125,1263.48828125,-3863.7109375,35066.390625,-185918.34375,1.8125,-2.948807877427845,-5.115129888075842,-6.263053070146286,-6.464027189766983
linear_4,mix,21504,qasm simulator,1.0,1.833984375,6.86328125,10.642578125,79.0859375,-33.533203125,1468.60546875,-5137.005859375,43808.109375,-242237.837890625,1.833984375,-3.099066959641226,-5.366697073012965,-6.283793280084167,-6.459346364643969
linear_4,mix,21504,qasm simulator,1.0,1.896484375,7.140625,9.279296875,95.90625,-141.337890625,2260.609375,-10316.392578125,78444.8125,-467750.572265625,1.896484375,-3.7292671425670565,-6.077853246639019,-6.398036042662542,-6.4627567970360085
linear_4,mix,21504,qasm simulator,1.0,1.783203125,7.32421875,8.365234375,95.3046875,-128.708984375,2096.31640625,-9086.064453125,69401.234375,-406457.826171875,1.783203125,-3.6753819157688343,-5.639260027435569,-6.3742131691388,-6.46357353938078
linear_4,mix,21504,qasm simulator,1.0,1.76953125,7.41796875,7.3515625,103.3515625,-185.86328125,2489.98828125,-11706.0625,86686.015625,-519327.93359375,1.76953125,-3.875974681601084,-5.878001186664855,-6.388843703645864,-6.462356252713716
linear_4,mix,21504,qasm simulator,1.0,1.76171875,7.20703125,8.328125,94.5703125,-130.88671875,2109.27734375,-9241.9453125,70469.265625,-414216.66015625,1.76171875,-3.5927143378914015,-5.701875551306493,-6.366264689032705,-6.461673645675473
linear_4,mix,21504,qasm simulator,1.0,1.822265625,7.03125,9.564453125,86.90625,-84.099609375,1805.5625,-7322.232421875,58057.1875,-334525.146484375,1.822265625,-3.407241361525417,-5.608560066084287,-6.3430638946804745,-6.461801374177178
linear_4,mix,21504,qasm simulator,1.0,1.74609375,6.73046875,9.37890625,82.5234375,-76.47265625,1712.34765625,-6919.90234375,55124.671875,-317586.00390625,1.74609375,-3.143613220481813,-5.621599221461686,-6.306881398678582,-6.456930033701454
linear_4,mix,21504,qasm simulator,1.0,1.796875,6.73828125,10.1640625,79.0703125,-44.703125,1516.65234375,-5552.8359375,46313.640625,-259477.265625,1.796875,-3.071602234065825,-5.444717821990645,-6.298431316023353,-6.4595337601389895
linear_4,mix,21504,qasm simulator,1.0,1.865234375,7.0234375,9.474609375,90.71875,-112.650390625,2031.3359375,-8859.009765625,68531.625,-403563.603515625,1.865234375,-3.543502004866733,-5.903650222731585,-6.374941082438456,-6.462213859329276
linear_4,mix,21504,qasm simulator,1.0,1.8046875,6.828125,9.98828125,83.046875,-67.953125,1699.625,-6732.86328125,54319.53125,-311503.0859375,1.8046875,-3.1754383134953557,-5.642720600203662,-6.317810562545867,-6.458067809742027
linear_4,mix,21504,qasm simulator,1.0,1.919921875,6.78515625,11.388671875,79.0234375,-34.673828125,1530.99609375,-5604.923828125,47515.484375,-267515.017578125,1.919921875,-3.0696701830102864,-5.682727702994056,-6.324251174025138,-6.4604399190319945
linear_4,mix,21504,qasm simulator,1.0,1.796875,6.52734375,9.6484375,80.3046875,-76.921875,1715.17578125,-7119.1328125,56539.984375,-328956.703125,1.796875,-3.1010327739379484,-5.83298684432261,-6.33792130163559,-6.458207685408728
linear_4,mix,21504,qasm simulator,1.0,1.904296875,7.16796875,10.275390625,89.0390625,-85.212890625,1878.98828125,-7707.310546875,61230.640625,-354581.017578125,1.904296875,-3.5111126487013045,-5.7462351968631475,-6.357132864088632,-6.462017705826229
linear_4,mix,21504,qasm simulator,1.0,1.892578125,6.91015625,11.267578125,79.7890625,-30.154296875,1496.60546875,-5264.591796875,45167.578125,-250843.013671875,1.892578125,-3.1028046479213223,-5.492113278672153,-6.303390451237265,-6.459887115598992
linear_4,mix,21504,qasm simulator,1.0,1.7734375,6.97265625,9.5625,82.7109375,-56.4921875,1579.93359375,-5814.859375,47737.609375,-266766.7578125,1.7734375,-3.2653895402640507,-5.3087502057948,-6.324885423903661,-6.463741387225575
linear_4,mix,21504,qasm simulator,1.0,1.814453125,6.94921875,9.662109375,87.1015625,-90.693359375,1865.76953125,-7783.689453125,61311.515625,-356602.013671875,1.814453125,-3.3310077355122467,-5.750990430074876,-6.337986742895861,-6.458757579229655
linear_4,mix,21504,qasm simulator,1.0,2.033203125,6.7109375,12.603515625,80.78125,-43.904296875,1705.2734375,-6794.052734375,56587.75,-327996.904296875,2.033203125,-2.9539600262536867,-6.376081093027316,-6.4674667387252756,-6.467616149107205
linear_4,mix,21504,qasm simulator,1.0,1.865234375,6.7578125,11.119140625,76.265625,-19.142578125,1379.0546875,-4609.576171875,40472.65625,-221344.337890625,1.865234375,-2.9932338872261943,-5.369652220113711,-6.275601314494017,-6.459784783400246
linear_4,mix,21504,qasm simulator,1.0,1.908203125,7.109375,10.666015625,87.703125,-73.185546875,1819.90625,-7287.021484375,58723.34375,-338056.716796875,1.908203125,-3.3980186331310755,-5.752232157101876,-6.363931363280926,-6.4624915654895725
linear_4,mix,21504,qasm simulator,1.0,1.7109375,6.95703125,8.9921875,84.5234375,-74.3203125,1682.48046875,-6534.5078125,52299.859375,-296822.6015625,1.7109375,-3.246198095654274,-5.381021533929921,-6.293292851028078,-6.457990029928297
linear_4,mix,21504,qasm simulator,1.0,1.953125,6.74609375,12.53515625,75.5703125,-3.3671875,1372.53515625,-4505.56640625,40868.703125,-224038.875,1.953125,-2.7897852520093305,-5.648705036183955,-6.295886974685926,-6.456190651810969
linear_4,mix,21504,qasm simulator,1.0,1.89453125,7.19921875,10.13671875,90.9609375,-94.54296875,1954.62890625,-8162.11328125,64339.046875,-374383.54296875,1.89453125,-3.530205057922334,-5.793924598246845,-6.368439155374093,-6.462159622263801
linear_4,mix,21504,qasm simulator,1.0,1.8203125,6.828125,10.55859375,78.90625,-33.96875,1467.078125,-5136.85546875,43774.4375,-242087.9453125,1.8203125,-3.0711083985560963,-5.367133350105873,-6.288104249672969,-6.459522247930134
linear_4,mix,21504,qasm simulator,1.0,1.892578125,6.66796875,11.994140625,73.8359375,0.767578125,1291.97265625,-4019.505859375,37139.796875,-199841.294921875,1.892578125,-2.7587545197130154,-5.418215328955571,-6.262054314814831,-6.456617424776002
linear_4,mix,21504,qasm simulator,1.0,1.958984375,6.6484375,12.544921875,75.59375,-12.884765625,1441.0234375,-5067.267578125,44670.125,-250136.541015625,1.958984375,-2.729062284444407,-5.895439988779266,-6.34071980297391,-6.455448422572604
linear_4,mix,21504,qasm simulator,1.0,1.8359375,6.80078125,9.40625,85.4140625,-96.2890625,1865.49609375,-7960.53125,62146.703125,-363863.1015625,1.8359375,-3.390090347899591,-5.83014144828973,-6.3511374465871295,-6.460772425542657
linear_4,mix,21504,qasm simulator,1.0,1.78515625,6.546875,9.87890625,79.484375,-68.60546875,1667.875,-6784.60546875,54429.53125,-315026.80859375,1.78515625,-3.0222616716325206,-5.783882489836294,-6.321709154245815,-6.456122585303074
linear_4,mix,21504,qasm simulator,1.0,1.869140625,6.89453125,10.283203125,85.5859375,-81.833984375,1834.54296875,-7620.826171875,60578.234375,-352596.537109375,1.869140625,-3.2934732015374717,-5.863176491874718,-6.347732846452894,-6.458591391245042
linear_4,mix,21504,qasm simulator,1.0,1.64453125,6.98046875,7.16796875,94.5234375,-156.35546875,2210.22265625,-10139.64453125,75745.171875,-450702.41796875,1.64453125,-3.486263585641035,-5.771533891733596,-6.347028331801036,-6.458570680093393
linear_4,mix,21504,qasm simulator,1.0,1.8046875,6.98046875,9.796875,83.7734375,-62.3203125,1646.72265625,-6258.765625,50952.171875,-287971.2578125,1.8046875,-3.287999441006144,-5.440233041090821,-6.329397558520598,-6.462459587633752
linear_4,mix,21504,qasm simulator,1.0,1.76171875,6.8828125,8.24609375,89.34375,-125.00390625,2014.8828125,-8930.61328125,68011.75,-401477.95703125,1.76171875,-3.505722487295778,-5.777173168879687,-6.352744069228148,-6.460894427692803
linear_4,mix,21504,qasm simulator,1.0,1.8125,7.0859375,8.74609375,92.421875,-122.8359375,2064.4765625,-9030.40234375,69238.46875,-407288.671875,1.8125,-3.5935421809073125,-5.783665638499272,-6.383457478111097,-6.4644149430481255
linear_4,mix,21504,qasm simulator,1.0,1.689453125,6.96875,8.927734375,83.0,-63.943359375,1590.3125,-5916.267578125,47988.625,-268450.388671875,1.689453125,-3.219268157027976,-5.236627347250074,-6.2660783713589,-6.457296729402785
linear_4,mix,21504,qasm simulator,1.0,1.908203125,6.96875,11.376953125,78.359375,-14.982421875,1381.484375,-4441.732421875,39577.65625,-213595.435546875,1.908203125,-3.144078184259822,-5.27490724624617,-6.328243974246813,-6.4691545796714784
linear_4,mix,21504,qasm simulator,1.0,1.865234375,7.0234375,9.126953125,91.9375,-126.173828125,2106.7734375,-9410.318359375,71994.3125,-426623.837890625,1.865234375,-3.6311411125287103,-5.951178114993249,-6.379443003608396,-6.462484657805847
linear_4,mix,21504,qasm simulator,1.0,1.845703125,7.23046875,8.990234375,94.7578125,-127.224609375,2129.64453125,-9358.236328125,71704.703125,-422442.232421875,1.845703125,-3.6770106723499634,-5.816937567440778,-6.385781041083909,-6.463971621380944
linear_4,mix,21504,qasm simulator,1.0,1.78125,7.1484375,8.35546875,91.71875,-119.3828125,1998.3671875,-8593.46484375,65877.25,-385053.921875,1.78125,-3.6186284198016008,-5.623639511642207,-6.368514423292872,-6.46443423436607
linear_4,mix,21504,qasm simulator,1.0,1.8046875,7.07421875,9.5390625,88.7578125,-92.0390625,1879.76953125,-7764.3984375,61168.078125,-354376.7578125,1.8046875,-3.3856874322938793,-5.667477959356595,-6.33816376452055,-6.4594421308744465
linear_4,mix,21504,qasm simulator,1.0,1.72265625,6.796875,9.9453125,77.703125,-31.51953125,1398.75,-4711.578125,40441.46875,-220241.13671875,1.72265625,-2.994870050617127,-5.164643879581588,-6.219590302463343,-6.454399615701941
linear_4,mix,21504,qasm simulator,1.0,1.89453125,6.79296875,11.65234375,77.0390625,-17.27734375,1414.64453125,-4793.55078125,42185.265625,-232295.07421875,1.89453125,-2.937469694235977,-5.501971804952639,-6.278615739843101,-6.456792528437502
linear_4,mix,21504,qasm simulator,1.0,1.76171875,7.203125,8.828125,91.0,-103.83984375,1924.734375,-8001.3359375,62289.0,-360676.50390625,1.76171875,-3.485062460609675,-5.553735848986289,-6.335541954184329,-6.46011501213452
linear_4,mix,21504,qasm simulator,1.0,1.880859375,6.69140625,12.529296875,70.4765625,30.099609375,1098.13671875,-2675.689453125,28330.703125,-141752.869140625,1.880859375,-2.602197585378283,-5.055898644609609,-6.143213340048007,-6.4502509239620665
linear_4,mix,21504,qasm simulator,1.0,1.9453125,7.234375,10.64453125,89.75,-83.171875,1895.328125,-7761.78515625,61878.0,-358425.2265625,1.9453125,-3.565171383737274,-5.792639486076061,-6.364967226182304,-6.462678001579905
linear_4,mix,21504,qasm simulator,1.0,1.791015625,7.08984375,8.142578125,94.1796875,-142.396484375,2167.61328125,-9782.919921875,73886.984375,-438180.271484375,1.791015625,-3.674723638235691,-5.823238928094819,-6.37760374438929,-6.463185655515835
linear_4,mix,21504,qasm simulator,1.0,1.908203125,6.93359375,10.341796875,85.1953125,-76.583984375,1792.53515625,-7317.244140625,58481.453125,-338586.763671875,1.908203125,-3.4052848967174874,-5.803637815975705,-6.359915101425637,-6.463251953668696
linear_4,mix,21504,qasm simulator,1.0,1.818359375,6.8671875,10.896484375,79.015625,-27.431640625,1451.2578125,-4964.103515625,42921.65625,-235952.306640625,1.818359375,-3.0035034358127564,-5.357139824444955,-6.270249718302706,-6.456639141014974
linear_4,mix,21504,qasm simulator,1.0,1.798828125,6.65234375,11.224609375,72.6796875,1.462890625,1220.95703125,-3588.361328125,33604.359375,-176704.123046875,1.798828125,-2.7646292422962366,-5.128323491894234,-6.180805180262295,-6.452271679384802
linear_4,mix,21504,qasm simulator,1.0,1.947265625,6.8828125,11.458984375,79.6875,-31.748046875,1516.4453125,-5433.455078125,46386.9375,-259322.693359375,1.947265625,-3.1790519143565357,-5.606347155640275,-6.345125506363833,-6.466380132459369
linear_4,mix,21504,qasm simulator,1.0,1.775390625,7.296875,7.955078125,97.75,-151.021484375,2244.421875,-10120.341796875,76197.625,-451361.443359375,1.775390625,-3.7339681286379713,-5.763850449893337,-6.3798327093201035,-6.462876530497794
linear_4,mix,21504,qasm simulator,1.0,1.740234375,6.56640625,10.314453125,73.0390625,-16.205078125,1279.41796875,-4106.068359375,36409.203125,-196024.025390625,1.740234375,-2.8290196779091232,-5.160840023040431,-6.186044185989195,-6.45241751748455
linear_4,mix,21504,qasm simulator,1.0,1.791015625,6.94921875,9.283203125,86.4140625,-87.693359375,1809.67578125,-7407.794921875,58445.515625,-337565.677734375,1.791015625,-3.3624093899608822,-5.614820207473134,-6.341107755994424,-6.46124958766856
linear_4,mix,21504,qasm simulator,1.0,1.8671875,6.71484375,10.390625,84.3671875,-84.0078125,1855.17578125,-7867.921875,62359.359375,-365543.4453125,1.8671875,-3.1728498153936813,-6.039465858247529,-6.376626365345268,-6.458453804346092
linear_4,mix,21504,qasm simulator,1.0,1.80078125,7.29296875,8.04296875,98.9140625,-158.83984375,2315.64453125,-10599.87890625,79553.015625,-473478.35546875,1.80078125,-3.7828971866839805,-5.855396532023663,-6.389193892202373,-6.463307559885518
linear_4,mix,21504,qasm simulator,1.0,1.712890625,6.9296875,8.791015625,86.171875,-90.505859375,1795.1640625,-7335.240234375,57625.59375,-332209.724609375,1.712890625,-3.28318231726692,-5.525796741069753,-6.3061672537080735,-6.457679507367411
linear_4,mix,21504,qasm simulator,1.0,1.974609375,6.69921875,10.830078125,86.1953125,-100.330078125,2008.36328125,-8966.005859375,70062.828125,-417136.447265625,1.974609375,-3.3563492361532816,-6.428532941630675,-6.481977378211496,-6.442993078383594
linear_4,qwc,21504,qasm simulator,1.0,1.8203125,6.71875,10.04296875,80.484375,-61.359375,1631.203125,-6398.91796875,51925.78125,-297130.6640625,1.8203125,-3.1480214755609857,-5.639795620744588,-6.311337234713675,-6.45845799742551
linear_4,qwc,21504,qasm simulator,1.0,1.80859375,7.06640625,9.5,86.6640625,-80.27734375,1771.10546875,-7066.2109375,56261.453125,-322420.73828125,1.80859375,-3.4013566181405523,-5.52983578346123,-6.334497764986792,-6.461582015105401
linear_4,qwc,21504,qasm simulator,1.0,1.775390625,6.7421875,10.111328125,78.9375,-44.037109375,1508.1484375,-5496.482421875,45901.9375,-256759.037109375,1.775390625,-3.038847039369152,-5.415279301832241,-6.277225513506128,-6.457044702478163
linear_4,qwc,21504,qasm simulator,1.0,1.884765625,6.609375,12.908203125,66.265625,56.572265625,905.21875,-1421.623046875,19962.21875,-87369.677734375,1.884765625,-2.4435051416652227,-4.676601194864742,-5.982100756806904,-6.446413447281497
linear_4,qwc,21504,qasm simulator,1.0,1.939453125,6.92578125,10.736328125,86.8984375,-86.904296875,1911.07421875,-8115.513671875,64272.109375,-376895.623046875,1.939453125,-3.3856497278076474,-6.053141396343111,-6.379708740150747,-6.459813075600838
linear_4,qwc,21504,qasm simulator,1.0,1.970703125,6.6640625,12.177734375,76.390625,-21.568359375,1475.8359375,-5323.298828125,46088.15625,-259492.044921875,1.970703125,-2.8866448585664015,-5.8789993920826085,-6.338640811752615,-6.458129189937335
linear_4,qwc,21504,qasm simulator,1.0,1.91796875,6.63671875,11.625,75.0234375,-17.26171875,1393.16015625,-4797.1171875,42059.296875,-233030.56640625,1.91796875,-2.904578485008942,-5.607084667478494,-6.300286274065499,-6.459772334802574
linear_4,qwc,21504,qasm simulator,1.0,1.9453125,6.73828125,13.11328125,70.9765625,33.5625,1118.46484375,-2766.33203125,29371.203125,-148390.4453125,1.9453125,-2.5942748065732872,-5.19656903492421,-6.185518868456253,-6.452569580271417
linear_4,qwc,21504,qasm simulator,1.0,2.05078125,6.70703125,12.640625,78.0390625,-26.61328125,1556.37109375,-5817.7109375,49812.828125,-283703.40234375,2.05078125,-2.9921618278411897,-6.149980756404373,-6.390418846854022,-6.462344598409484
linear_4,qwc,21504,qasm simulator,1.0,1.912109375,6.875,10.357421875,83.953125,-72.400390625,1753.609375,-7102.486328125,56981.71875,-329232.525390625,1.912109375,-3.3859171664012333,-5.796610980376421,-6.364724562432822,-6.465167081099254
linear_4,qwc,21504,qasm simulator,1.0,1.759765625,6.9453125,9.091796875,87.3125,-94.701171875,1856.0703125,-7717.337890625,60478.4375,-350825.287109375,1.759765625,-3.3293719828240183,-5.642647233790659,-6.331404603333196,-6.45902830135202
linear_4,qwc,21504,qasm simulator,1.0,1.814453125,7.04296875,9.712890625,87.6484375,-87.466796875,1849.16015625,-7602.818359375,60129.171875,-348106.185546875,1.814453125,-3.3572065046343305,-5.678832097779823,-6.328098837829764,-6.458526372535744
linear_4,qwc,21504,qasm simulator,1.0,1.927734375,6.62109375,12.326171875,69.8515625,23.287109375,1115.97265625,-2913.345703125,29627.765625,-151412.728515625,1.927734375,-2.705351047321386,-5.165510883107912,-6.214750338272392,-6.461195215689687
linear_4,qwc,21504,qasm simulator,1.0,1.919921875,7.015625,10.841796875,84.171875,-57.595703125,1688.90625,-6513.580078125,53408.65625,-304335.298828125,1.919921875,-3.3418914464163456,-5.670157119033897,-6.350867313791187,-6.463659768131885
linear_4,qwc,21504,qasm simulator,1.0,1.791015625,7.1484375,7.896484375,97.140625,-161.013671875,2304.4453125,-10674.033203125,79845.03125,-476929.255859375,1.791015625,-3.7475902859480317,-5.907472413469305,-6.380800884741796,-6.4621320911159
linear_4,qwc,21504,qasm simulator,1.0,1.90234375,6.69140625,11.66015625,75.5859375,-15.55078125,1390.65234375,-4720.69921875,41625.609375,-229565.00390625,1.90234375,-2.891287596308144,-5.548545434934577,-6.285799356649421,-6.45768671626774
linear_4,qwc,21504,qasm simulator,1.0,1.814453125,6.71875,10.740234375,75.96875,-20.787109375,1364.59375,-4530.486328125,39696.4375,-216252.576171875,1.814453125,-2.956072641797033,-5.291112699501628,-6.259376263109123,-6.4582319163844035
linear_4,qwc,21504,qasm simulator,1.0,1.826171875,7.04296875,10.400390625,81.3203125,-35.603515625,1481.45703125,-5071.435546875,43263.828125,-236894.095703125,1.826171875,-3.2241583654211947,-5.234642242510139,-6.315994032686298,-6.4644591951419965
linear_4,qwc,21504,qasm simulator,1.0,1.775390625,7.08984375,9.638671875,85.1484375,-63.154296875,1653.92578125,-6207.103515625,50571.671875,-284320.208984375,1.775390625,-3.300033391688245,-5.356079563624032,-6.318794885395268,-6.460959205218614
linear_4,qwc,21504,qasm simulator,1.0,1.76171875,6.68359375,11.1015625,71.5390625,12.39453125,1126.94140625,-2916.984375,28949.765625,-145613.16015625,1.76171875,-2.7442187416928503,-4.880627602557521,-6.109327332821504,-6.449788676350993
linear_4,qwc,21504,qasm simulator,1.0,1.73046875,7.01171875,7.52734375,92.5703125,-143.98828125,2117.89453125,-9561.53515625,71828.953125,-425545.08203125,1.73046875,-3.626933703925239,-5.727479347931652,-6.35645712358964,-6.461633420928429
linear_4,qwc,21504,qasm simulator,1.0,1.927734375,6.86328125,9.587890625,90.8046875,-128.736328125,2149.32421875,-9826.169921875,75086.671875,-448584.587890625,1.927734375,-3.649483995166956,-6.2178564577766515,-6.40960313608578,-6.46305676092328
linear_4,qwc,21504,qasm simulator,1.0,1.912109375,6.8671875,10.642578125,84.171875,-71.673828125,1775.5078125,-7235.755859375,58154.96875,-336958.322265625,1.912109375,-3.302757543446889,-5.876198726905235,-6.355700254195606,-6.460729655840068
linear_4,qwc,21504,qasm simulator,1.0,1.669921875,7.0078125,8.373046875,83.125,-67.283203125,1567.9765625,-5773.173828125,46541.6875,-258710.673828125,1.669921875,-3.3068238135383203,-5.124443226002253,-6.287087178408797,-6.461389117088863
linear_4,qwc,21504,qasm simulator,1.0,1.74609375,6.73828125,9.765625,78.6640625,-45.21484375,1487.71484375,-5377.7578125,44818.078125,-249653.67578125,1.74609375,-3.0564240751923033,-5.330152766959273,-6.266104363496842,-6.457146798012939
linear_4,qwc,21504,qasm simulator,1.0,1.9140625,6.6953125,12.0625,71.984375,13.8046875,1182.2421875,-3289.234375,32083.84375,-166684.4296875,1.9140625,-2.804813734401017,-5.196118607989062,-6.248461564393066,-6.463144398860882
linear_4,qwc,21504,qasm simulator,1.0,1.818359375,7.01953125,10.841796875,79.7890625,-21.431640625,1407.33984375,-4549.283203125,40071.453125,-215885.244140625,1.818359375,-3.092195776280389,-5.175954648029603,-6.269965088795498,-6.459081081588982
linear_4,qwc,21504,qasm simulator,1.0,1.833984375,6.84765625,11.169921875,76.4765625,-11.134765625,1331.66796875,-4189.861328125,37734.453125,-202288.541015625,1.833984375,-2.959392488737133,-5.208798721575702,-6.237521073872166,-6.456650915242182
linear_4,qwc,21504,qasm simulator,1.0,1.763671875,7.1640625,7.177734375,98.78125,-177.455078125,2377.4140625,-11190.197265625,82825.125,-496426.611328125,1.763671875,-3.8341166539573637,-5.882324955196605,-6.3891686140797415,-6.463827694175425
linear_4,qwc,21504,qasm simulator,1.0,1.7734375,7.28125,8.5234375,92.859375,-112.3359375,1974.296875,-8275.2421875,63958.90625,-370851.3828125,1.7734375,-3.6038539634352604,-5.535335808330409,-6.377052672384005,-6.4652311405492435
linear_4,qwc,21504,qasm simulator,1.0,1.90625,6.65234375,11.9375,75.1328125,-11.4375,1383.28515625,-4667.5625,41513.703125,-228943.03125,1.90625,-2.7946875505033404,-5.615044533890673,-6.291753532305948,-6.4563777396486195
linear_4,qwc,21504,qasm simulator,1.0,1.76953125,7.07421875,7.94140625,94.6484375,-148.33984375,2199.87890625,-10019.35546875,75369.921875,-448045.88671875,1.76953125,-3.6568677864482773,-5.836590864757532,-6.371119460914535,-6.461781965638158
linear_4,qwc,21504,qasm simulator,1.0,1.94921875,6.73828125,11.890625,77.1796875,-20.80859375,1456.82421875,-5113.3984375,44509.671875,-248080.62890625,1.94921875,-2.969868377529437,-5.694713213680324,-6.3258096945570665,-6.461401178086511
linear_4,qwc,21504,qasm simulator,1.0,1.9765625,6.25,13.16796875,67.515625,18.015625,1208.078125,-3785.63671875,36176.71875,-197658.9453125,1.9765625,-2.191201176950356,-6.051759859434087,-6.38176494602971,-6.455336227121636
linear_4,qwc,21504,qasm simulator,1.0,1.962890625,7.20703125,10.470703125,90.4921875,-89.833984375,1935.94921875,-8039.169921875,63660.171875,-370093.755859375,1.962890625,-3.6557922622350527,-5.843123993072385,-6.409300472072712,-6.471020303504138
linear_4,qwc,21504,qasm simulator,1.0,1.7890625,6.75390625,9.94140625,84.6171875,-83.171875,1823.90234375,-7606.11328125,60340.921875,-351505.4453125,1.7890625,-3.116194579521125,-5.8548744453467805,-6.343861760457026,-6.456948965226245
linear_4,qwc,21504,qasm simulator,1.0,1.681640625,7.67578125,5.607421875,112.5703125,-243.029296875,2837.49609375,-13900.541015625,100586.765625,-608332.740234375,1.681640625,-4.035509141381855,-5.870471161022554,-6.394371434984307,-6.462080366314014
linear_4,qwc,21504,qasm simulator,1.0,1.806640625,7.14453125,8.388671875,94.2578125,-136.716796875,2145.90234375,-9582.072265625,72714.140625,-430001.740234375,1.806640625,-3.6785975430606364,-5.802634312084079,-6.378184820590263,-6.463426431360667
linear_4,qwc,21504,qasm simulator,1.0,1.724609375,6.70703125,10.353515625,74.2265625,-10.423828125,1253.87109375,-3783.919921875,34354.453125,-180920.947265625,1.724609375,-2.863307978432705,-5.01417563247266,-6.167013926923547,-6.452164711495335
linear_4,qwc,21504,qasm simulator,1.0,1.712890625,7.5,6.244140625,104.90625,-200.474609375,2516.59375,-11884.943359375,87046.6875,-521117.412109375,1.712890625,-3.9633220066908397,-5.741593956158585,-6.401279290624642,-6.465351483453331
linear_4,qwc,21504,qasm simulator,1.0,1.791015625,6.96875,9.822265625,84.109375,-66.099609375,1679.734375,-6498.037109375,52621.15625,-299157.052734375,1.791015625,-3.2448221518514555,-5.497346723964039,-6.305315840500548,-6.458453149483828
linear_4,qwc,21504,qasm simulator,1.0,1.736328125,7.02734375,8.787109375,89.7578125,-106.990234375,1941.50390625,-8229.033203125,63831.828125,-372056.029296875,1.736328125,-3.3727080752459773,-5.656516618830465,-6.3327373572438255,-6.458525424524975
linear_4,qwc,21504,qasm simulator,1.0,1.859375,6.8125,11.23828125,77.15625,-17.1796875,1386.0,-4569.36328125,40391.0625,-219944.53125,1.859375,-2.9786963528038215,-5.348017917912894,-6.281536285087011,-6.459602789773422
linear_4,qwc,21504,qasm simulator,1.0,1.896484375,7.203125,9.767578125,92.96875,-113.876953125,2076.078125,-9026.193359375,69933.8125,-411493.337890625,1.896484375,-3.6286784783820103,-5.896978494572551,-6.372723998840014,-6.461551268517793
linear_4,qwc,21504,qasm simulator,1.0,1.765625,6.91796875,9.8828125,81.7890625,-52.3125,1570.39453125,-5787.1015625,47792.765625,-267700.515625,1.765625,-3.15199167488193,-5.367563718915088,-6.278734022124515,-6.457292801857561
linear_4,qwc,21504,qasm simulator,1.0,1.89453125,6.63671875,12.48828125,69.9609375,29.25390625,1096.00390625,-2705.46484375,28466.796875,-143093.82421875,1.89453125,-2.600456281304559,-5.096757725872094,-6.17440641830451,-6.454062110565198
linear_4,qwc,21504,qasm simulator,1.0,1.791015625,6.65625,10.564453125,74.921875,-21.021484375,1344.171875,-4467.091796875,39081.28125,-212914.271484375,1.791015625,-2.9169947863053665,-5.269659799593061,-6.2330528813450865,-6.455741070450426
linear_4,qwc,21504,qasm simulator,1.0,1.7734375,7.19921875,7.78125,96.8984375,-155.4453125,2254.31640625,-10290.5,77156.671875,-458689.4765625,1.7734375,-3.738799834692955,-5.807778375439436,-6.379512028328491,-6.462968617221426
linear_4,qwc,21504,qasm simulator,1.0,1.77734375,6.94140625,7.93359375,92.5703125,-147.01953125,2169.98046875,-9960.55078125,74832.265625,-446027.62890625,1.77734375,-3.6398158045986357,-5.887883621862125,-6.368679559393566,-6.46148131907988
linear_4,qwc,21504,qasm simulator,1.0,1.81640625,6.83984375,9.8046875,85.7734375,-87.08203125,1844.30078125,-7698.96875,60838.671875,-354212.73046875,1.81640625,-3.2544127117063697,-5.812055986509696,-6.346006358514646,-6.458775285962492
linear_4,qwc,21504,qasm simulator,1.0,1.86328125,6.953125,10.6328125,83.390625,-56.84765625,1667.96875,-6408.609375,52583.84375,-299209.68359375,1.86328125,-3.21591175534472,-5.626854261254863,-6.320783286955615,-6.458975302958473
linear_4,qwc,21504,qasm simulator,1.0,1.845703125,6.734375,11.123046875,76.671875,-23.255859375,1415.53125,-4866.759765625,42276.28125,-233350.607421875,1.845703125,-2.9344971279044825,-5.444706961678118,-6.263866679331892,-6.455834071618654
linear_4,qwc,21504,qasm simulator,1.0,1.826171875,7.32421875,9.224609375,90.8046875,-91.486328125,1857.41015625,-7454.525390625,58791.359375,-336837.861328125,1.826171875,-3.601601289899852,-5.467513402687006,-6.382402490840903,-6.468011916207869
linear_4,qwc,21504,qasm simulator,1.0,1.947265625,7.03515625,11.134765625,82.2578125,-42.193359375,1581.26171875,-5784.130859375,48556.390625,-272498.021484375,1.947265625,-3.3502216929887503,-5.55185352122502,-6.361800079203827,-6.469187797400247
linear_4,qwc,21504,qasm simulator,1.0,1.994140625,6.65234375,12.736328125,74.1484375,-1.818359375,1360.58203125,-4525.763671875,41035.796875,-226307.443359375,1.994140625,-2.7553592093168104,-5.797015868915,-6.320580713600457,-6.457969698996452
linear_4,qwc,21504,qasm simulator,1.0,1.8359375,6.7109375,10.91796875,76.765625,-26.328125,1423.5703125,-4935.55859375,42601.28125,-235540.6796875,1.8359375,-2.9533741078563613,-5.437660776584572,-6.273580211254641,-6.457200548795871
linear_4,qwc,21504,qasm simulator,1.0,1.92578125,6.86328125,11.5,79.2734375,-27.94140625,1494.04296875,-5269.7109375,45353.484375,-252418.62109375,1.92578125,-3.0980506500671896,-5.573002813729199,-6.330032118590612,-6.46336577845932
linear_4,qwc,21504,qasm simulator,1.0,1.888671875,6.8671875,10.353515625,83.359375,-66.478515625,1710.9453125,-6791.201171875,54904.59375,-315317.408203125,1.888671875,-3.315594695827988,-5.722431333917302,-6.358108601982387,-6.464595505439252
linear_4,qwc,21504,qasm simulator,1.0,1.8828125,6.86328125,11.2890625,76.4609375,-12.0234375,1339.07421875,-4262.3359375,38218.234375,-205752.6796875,1.8828125,-3.047971116869802,-5.254487757578536,-6.273173510601921,-6.462049449412463
linear_4,qwc,21504,qasm simulator,1.0,1.771484375,6.82421875,10.134765625,79.6640625,-41.642578125,1499.20703125,-5358.123046875,45023.890625,-250156.619140625,1.771484375,-3.063953696853318,-5.346834728087523,-6.2738949120672665,-6.457249387059452
linear_4,qwc,21504,qasm simulator,1.0,1.833984375,6.8984375,10.232421875,82.6875,-59.478515625,1650.4296875,-6353.361328125,51869.6875,-294979.978515625,1.833984375,-3.218058782511544,-5.570774841118688,-6.316084781463948,-6.4594744184617365
linear_4,qwc,21504,qasm simulator,1.0,1.85546875,6.77734375,11.55078125,73.7890625,5.08984375,1223.19140625,-3501.18359375,33246.390625,-173399.67578125,1.85546875,-2.868543117428799,-5.110891948276282,-6.220341125521344,-6.458058366502476
linear_4,qwc,21504,qasm simulator,1.0,1.84765625,6.76171875,10.1015625,83.0546875,-74.83203125,1752.62890625,-7170.328125,57305.984375,-332060.51171875,1.84765625,-3.2223940949181915,-5.805068676364557,-6.341114411479387,-6.459305352767194
linear_4,qwc,21504,qasm simulator,1.0,1.92578125,6.77734375,11.7421875,79.7421875,-34.97265625,1572.14453125,-5840.34375,49488.484375,-280245.74609375,1.92578125,-2.9782574491289453,-5.816916886595976,-6.337026080417466,-6.458091520733618
linear_4,qwc,21504,qasm simulator,1.0,1.912109375,6.5859375,11.576171875,74.953125,-20.134765625,1411.7265625,-4952.470703125,43098.28125,-240171.431640625,1.912109375,-2.8716318611330327,-5.672807952771,-6.3093673039447715,-6.459463683786501
linear_4,qwc,21504,qasm simulator,1.0,1.90234375,6.68359375,12.28515625,71.9609375,15.83984375,1189.05078125,-3321.52734375,32527.171875,-169585.41015625,1.90234375,-2.7072797786650393,-5.245838831863498,-6.216070040033636,-6.455360851577855
linear_4,qwc,21504,qasm simulator,1.0,1.845703125,6.890625,11.009765625,78.875,-23.857421875,1430.640625,-4803.568359375,41885.125,-228946.185546875,1.845703125,-3.047965883028946,-5.33000235402898,-6.293765862243031,-6.460408340217187
linear_4,qwc,21504,qasm simulator,1.0,1.845703125,6.875,10.521484375,81.03125,-47.630859375,1574.5625,-5851.580078125,48622.5625,-273860.794921875,1.845703125,-3.1631494190443425,-5.517001452774534,-6.306520754278912,-6.459505222490502
linear_4,qwc,21504,qasm simulator,1.0,1.80859375,6.96875,9.5390625,85.640625,-79.73046875,1764.234375,-7087.84375,56419.46875,-324212.64453125,1.80859375,-3.3536661434303494,-5.582975668255365,-6.33664224695739,-6.461439087719599
linear_4,qwc,21504,qasm simulator,1.0,1.625,7.29296875,6.4609375,96.8515625,-154.578125,2152.70703125,-9542.0234375,71150.140625,-417823.15625,1.625,-3.663324009602235,-5.485651189582317,-6.364951659817951,-6.462954108879888
linear_4,qwc,21504,qasm simulator,1.0,1.859375,6.96875,10.08203125,85.125,-70.1484375,1734.0625,-6840.17578125,55150.625,-315659.09375,1.859375,-3.3520602360180045,-5.626336008989073,-6.367552742970977,-6.465878795214912
linear_4,qwc,21504,qasm simulator,1.0,1.759765625,6.86328125,8.853515625,83.8515625,-81.443359375,1708.68359375,-6835.849609375,54094.828125,-309873.333984375,1.759765625,-3.3525494567873,-5.4721468491197705,-6.336222429149261,-6.463791593694369
linear_4,qwc,21504,qasm simulator,1.0,1.833984375,7.33984375,7.732421875,103.7734375,-193.353515625,2573.14453125,-12330.517578125,91186.546875,-549814.603515625,1.833984375,-3.9608736112323033,-6.058709791244987,-6.403587569991493,-6.4631265390365655
linear_4,qwc,21504,qasm simulator,1.0,1.73828125,7.13671875,9.42578125,84.4765625,-56.16796875,1582.98828125,-5697.26171875,46936.890625,-259955.82421875,1.73828125,-3.2820863138500784,-5.1979759872189355,-6.296693681950856,-6.4602353420320515
linear_4,qwc,21504,qasm simulator,1.0,1.875,7.16015625,9.328125,95.2421875,-136.125,2221.77734375,-10054.015625,76676.546875,-456139.625,1.875,-3.657898170294176,-6.02390770789113,-6.383408079116213,-6.4605556654915635
linear_4,qwc,21504,qasm simulator,1.0,1.859375,7.171875,9.44140625,90.796875,-101.0078125,1944.40625,-8145.39453125,63661.03125,-370117.625,1.859375,-3.5893537912275018,-5.695035189845909,-6.385688526221506,-6.466575143352598
linear_4,qwc,21504,qasm simulator,1.0,1.818359375,6.71875,10.017578125,79.5,-52.298828125,1558.375,-5880.037109375,48374.875,-273446.103515625,1.818359375,-3.149782754242612,-5.51657943804405,-6.321790646550056,-6.462635759269668
linear_4,qwc,21504,qasm simulator,1.0,1.79296875,6.96875,9.4296875,88.125,-96.98046875,1903.25,-8015.21875,62771.375,-365869.81640625,1.79296875,-3.3406988824639336,-5.745958119235766,-6.338638386206503,-6.4585761500732675
linear_4,qwc,21504,qasm simulator,1.0,1.84375,6.72265625,11.59765625,74.5234375,-2.4140625,1291.52734375,-3983.31640625,36640.859375,-196008.234375,1.84375,-2.799381556265578,-5.285821787723721,-6.23005451787621,-6.454299819870817
linear_4,qwc,21504,qasm simulator,1.0,1.705078125,7.2265625,8.400390625,89.296875,-91.966796875,1795.2109375,-7110.271484375,55877.21875,-318072.638671875,1.705078125,-3.450726552087744,-5.321767521348372,-6.327848273265079,-6.4614579352182115
linear_4,qwc,21504,qasm simulator,1.0,1.896484375,6.90625,11.248046875,81.703125,-43.666015625,1608.765625,-6018.970703125,50362.96875,-285012.291015625,1.896484375,-3.1156457966796913,-5.676540724756499,-6.319818647938881,-6.458210385748907
linear_4,qwc,21504,qasm simulator,1.0,1.76953125,6.96484375,8.796875,89.1796875,-110.61328125,1957.70703125,-8424.3984375,65063.359375,-381073.24609375,1.76953125,-3.4273872657044007,-5.727169301988582,-6.343558100847557,-6.459682615917195
linear_4,qwc,21504,qasm simulator,1.0,1.6796875,6.62109375,9.7421875,74.9765625,-26.5078125,1330.78515625,-4388.0390625,38038.015625,-205776.5703125,1.6796875,-2.876608797438621,-5.117774383070432,-6.18902376372624,-6.452198512261047
linear_4,qwc,21504,qasm simulator,1.0,1.732421875,6.90234375,9.658203125,79.5859375,-37.697265625,1433.30078125,-4859.083984375,41271.296875,-224626.251953125,1.732421875,-3.125006610420409,-5.123359604167345,-6.274479157371912,-6.460440924268853
linear_4,qwc,21504,qasm simulator,1.0,1.81640625,7.17578125,9.07421875,91.9609375,-111.35546875,2002.32421875,-8542.69140625,66151.484375,-386405.90234375,1.81640625,-3.5590732849914213,-5.703957481232839,-6.362941825319827,-6.4621426204719885
linear_4,qwc,21504,qasm simulator,1.0,1.865234375,7.1640625,9.302734375,92.609375,-115.791015625,2053.6484375,-8897.853515625,68721.84375,-403524.572265625,1.865234375,-3.636740712129796,-5.816744634952242,-6.384810723675821,-6.46467314609186
linear_4,qwc,21504,qasm simulator,1.0,1.8203125,6.56640625,12.17578125,69.2734375,28.421875,1080.93359375,-2644.25390625,27883.859375,-139558.1640625,1.8203125,-2.5040217748750853,-5.029927633045278,-6.11651774780591,-6.446688495311331
linear_4,qwc,21504,qasm simulator,1.0,1.703125,7.30078125,7.37109375,93.1015625,-123.1796875,1960.90234375,-8239.32421875,62783.453125,-363099.6875,1.703125,-3.672340701209389,-5.3812327394079915,-6.398540580727362,-6.4708715296073915
linear_4,qwc,21504,qasm simulator,1.0,1.78125,7.15625,8.78515625,89.21875,-96.0078125,1847.40625,-7528.81640625,58933.6875,-339079.109375,1.78125,-3.5263630815549596,-5.482894270343751,-6.367121538644274,-6.465965418903867
linear_4,qwc,21504,qasm simulator,1.0,1.908203125,6.875,11.044921875,80.125,-38.583984375,1538.28125,-5603.134765625,47249.875,-265037.263671875,1.908203125,-3.1845293669223804,-5.564882601307247,-6.329617340176762,-6.4635450003219495
linear_4,qwc,21504,qasm simulator,1.0,1.8515625,7.10546875,9.9296875,86.2890625,-72.5234375,1742.14453125,-6838.1015625,54990.015625,-313910.6484375,1.8515625,-3.4257940871123114,-5.536637073706859,-6.342904877663408,-6.463138633327404
linear_4,qwc,21504,qasm simulator,1.0,1.78515625,6.78125,10.9140625,71.640625,15.69921875,1081.359375,-2567.265625,26341.71875,-127872.88671875,1.78515625,-2.8861274678825954,-4.719725540424726,-6.146171782539769,-6.461312658486014
linear_4,qwc,21504,qasm simulator,1.0,1.83984375,6.73828125,9.71484375,83.2421875,-80.59765625,1764.41796875,-7280.00390625,57743.421875,-335057.16015625,1.83984375,-3.293105278048572,-5.775738106294345,-6.352215395550662,-6.462423355606912
linear_4,qwc,21504,qasm simulator,1.0,1.9375,6.546875,12.70703125,69.546875,23.6953125,1144.53125,-3135.00390625,31464.53125,-164021.296875,1.9375,-2.551621772727785,-5.37250196279507,-6.2235599863179765,-6.45473687991473
linear_4,qwc,21504,qasm simulator,1.0,1.962890625,6.7578125,12.013671875,76.8125,-16.935546875,1433.1328125,-4948.103515625,43438.9375,-241031.458984375,1.962890625,-2.9811561568564207,-5.667626320468518,-6.322569481010559,-6.462090498335922
linear_4,qwc,21504,qasm simulator,1.0,1.720703125,7.265625,7.923828125,91.703125,-109.701171875,1900.375,-7809.966796875,60299.34375,-346814.685546875,1.720703125,-3.5941582295747825,-5.381942603543752,-6.389890826174804,-6.469203204352921
linear_4,qwc,21504,qasm simulator,1.0,1.783203125,6.84765625,10.212890625,79.0703125,-36.904296875,1462.82421875,-5114.724609375,43364.515625,-239288.154296875,1.783203125,-3.081822913780974,-5.291755857350422,-6.263927507680758,-6.457596122102027
linear_4,qwc,21504,qasm simulator,1.0,1.892578125,6.79296875,11.521484375,75.9921875,-9.318359375,1339.34765625,-4271.626953125,38508.109375,-207866.904296875,1.892578125,-2.968779383414879,-5.336126697241542,-6.294704103969723,-6.463330180290917
linear_4,qwc,21504,qasm simulator,1.0,1.7890625,7.140625,8.2421875,96.09375,-150.7421875,2252.359375,-10304.1640625,77601.4375,-462150.0234375,1.7890625,-3.662297174940318,-5.897674091579474,-6.371838960394432,-6.460681070214088
linear_4,qwc,21504,qasm simulator,1.0,1.798828125,6.8515625,10.693359375,78.625,-27.537109375,1433.5390625,-4866.361328125,42089.0625,-230602.998046875,1.798828125,-3.003021097765771,-5.303703127009513,-6.260586018795768,-6.456438804219958
linear_4,qwc,21504,qasm simulator,1.0,1.720703125,7.3359375,7.189453125,98.59375,-159.576171875,2253.1484375,-10176.451171875,76019.375,-449767.310546875,1.720703125,-3.760779676678835,-5.658533038664364,-6.383526890398875,-6.4641016151377535
linear_4,qwc,21504,qasm simulator,1.0,1.9765625,6.38671875,13.5703125,63.7265625,57.6953125,920.98828125,-1735.1171875,22396.890625,-105932.5859375,1.9765625,-2.190058384392325,-5.138362391039628,-6.124501150980356,-6.452077740413627
linear_4,qwc,21504,qasm simulator,1.0,1.685546875,6.44921875,10.771484375,66.2109375,29.091796875,944.87890625,-1889.947265625,21571.796875,-99053.189453125,1.685546875,-2.5623708770085267,-4.562284026828442,-5.891676419388022,-6.438193285749602
linear_4,qwc,21504,qasm simulator,1.0,1.830078125,6.73828125,10.841796875,77.1015625,-27.833984375,1430.08984375,-4969.447265625,42773.203125,-236524.748046875,1.830078125,-2.9749783337652214,-5.417308277426894,-6.266932678643011,-6.456684084992083
linear_4,qwc,21504,qasm simulator,1.0,1.787109375,6.71875,10.681640625,75.03125,-13.751953125,1304.78125,-4118.482421875,36852.3125,-197418.478515625,1.787109375,-2.913102950050543,-5.162967418776833,-6.227521788293103,-6.45650809271817
linear_4,qwc,21504,qasm simulator,1.0,1.740234375,7.04296875,9.255859375,86.5703125,-79.822265625,1757.80078125,-6960.587890625,55469.953125,-316943.634765625,1.740234375,-3.2863228309010997,-5.473097230290653,-6.306028811601641,-6.457937101391585
linear_4,qwc,21504,qasm simulator,1.0,1.90234375,7.05078125,9.44921875,94.4453125,-138.39453125,2240.40234375,-10265.47265625,78158.640625,-466870.62890625,1.90234375,-3.672894104300544,-6.146043516703644,-6.400699350358133,-6.461394354635728
linear_4,qwc,21504,qasm simulator,1.0,1.779296875,7.15234375,8.857421875,90.0859375,-101.330078125,1900.20703125,-7877.939453125,61417.671875,-355398.376953125,1.779296875,-3.5042652345613052,-5.55746402234359,-6.352268443273793,-6.462509248548608
linear_4,qwc,21504,qasm simulator,1.0,1.849609375,6.54296875,12.205078125,68.7265625,28.076171875,1075.55078125,-2658.412109375,27907.265625,-140252.384765625,1.849609375,-2.529484582631345,-5.061625994426275,-6.13037314289298,-6.44896368437346
linear_4,qwc,21504,qasm simulator,1.0,1.830078125,6.7421875,10.419921875,81.234375,-60.349609375,1662.9453125,-6558.822265625,53381.34375,-306334.841796875,1.830078125,-3.0858089166555334,-5.729595339296907,-6.318353816126603,-6.4568766878661785
linear_4,qwc,21504,qasm simulator,1.0,2.0234375,6.8046875,13.96875,69.046875,59.6640625,978.7265625,-1727.640625,22878.34375,-105042.1953125,2.0234375,-2.5432064756683723,-4.960466566798381,-6.201247627261871,-6.468513256281729
linear_4,qwc,21504,qasm simulator,1.0,1.775390625,6.98828125,9.009765625,88.2734375,-100.443359375,1894.26171875,-7965.365234375,62083.859375,-361237.537109375,1.775390625,-3.4019078875094997,-5.662757788189409,-6.337992334081582,-6.459852577433457
linear_4,qwc,21504,qasm simulator,1.0,1.796875,7.15234375,8.3203125,94.4921875,-138.453125,2155.23828125,-9643.6171875,73091.609375,-432438.765625,1.796875,-3.6695840570807494,-5.798065626266597,-6.372542930624137,-6.462491199215027
linear_4,qwc,21504,qasm simulator,1.0,1.775390625,6.9375,10.353515625,77.046875,-15.458984375,1301.265625,-3959.849609375,35534.53125,-187119.005859375,1.775390625,-3.0745416657709477,-4.9824380489220275,-6.219152372604425,-6.458756256399725
linear_4,qwc,21504,qasm simulator,1.0,1.970703125,6.69140625,12.162109375,76.8046875,-20.849609375,1474.33984375,-5271.689453125,45765.046875,-256912.732421875,1.970703125,-2.91082276868003,-5.840192706622336,-6.336577714541135,-6.459481982891267
linear_4,qwc,21504,qasm simulator,1.0,1.80859375,7.07421875,8.75390625,92.8046875,-128.75390625,2108.78515625,-9367.68359375,71521.609375,-422735.50390625,1.80859375,-3.577144367402256,-5.847519703186135,-6.36611298326301,-6.460974195712197
linear_4,qwc,21504,qasm simulator,1.0,1.90625,6.7578125,11.34375,79.21875,-37.328125,1551.2578125,-5749.859375,48509.0,-274128.25,1.90625,-3.0313679937929923,-5.721666373074174,-6.325261602523639,-6.459109155372591
linear_4,qwc,21504,qasm simulator,1.0,1.87109375,6.7265625,11.921875,72.265625,15.42578125,1167.5234375,-3142.2734375,31060.15625,-159380.08203125,1.87109375,-2.7717385701242043,-5.089785263671029,-6.20559033204175,-6.457336901743076
linear_4,qwc,21504,qasm simulator,1.0,1.720703125,7.29296875,7.283203125,99.4453125,-168.498046875,2333.05078125,-10748.841796875,80027.203125,-476562.966796875,1.720703125,-3.7308851901005564,-5.771111090490455,-6.368289978480384,-6.461041998993082
linear_4,qwc,21504,qasm simulator,1.0,1.845703125,6.62109375,12.197265625,67.2890625,45.173828125,939.66015625,-1669.005859375,21125.390625,-94820.623046875,1.845703125,-2.5793757999339237,-4.656133271245272,-6.033286982568127,-6.453668618783894
linear_4,cs,21465,qasm simulator,1.0,1.8256735340729,6.889064976228208,9.755942947702067,85.88748019017434,-89.55309033280483,1850.952456418382,-7771.245641838345,61193.02535657675,-356802.4469096672,1.8256735340729,-3.3112869753203844,-5.797926607931912,-6.334525431186229,-6.4579137483644775
linear_4,cs,21465,qasm simulator,1.0,1.863118306208552,7.134215070282085,9.54483151844415,90.05552477831046,-101.53620171724539,1946.6323869019225,-8231.479649878052,64244.596630244334,-374772.49317595805,1.863118306208552,-3.561339729201279,-5.744110972823377,-6.357107196250211,-6.461992679092525
linear_4,cs,21465,qasm simulator,1.0,1.8470681458003173,6.6470856992043705,10.92833293703308,76.88215814745595,-30.78938591718987,1459.0588437410881,-5209.411007976207,44490.6299468542,-248351.16801159724,1.8470681458003173,-2.9399750008161165,-5.551159419188057,-6.299885062031905,-6.45870693290292
linear_4,cs,21465,qasm simulator,1.0,1.879521402081261,6.43905545257282,12.869315529284933,64.35689307238098,49.59190700928605,931.137382152545,-1819.505831838392,22464.730598820017,-106211.87958364782,1.879521402081261,-2.3094673755594,-4.915619475574544,-6.0086617445662585,-6.4396471292052935
linear_4,cs,21465,qasm simulator,1.0,1.8256735340729002,6.432646592709985,12.837876262195577,59.29223554427376,88.41362044560763,615.9224052396268,347.5902325888359,7618.92985858917,-8047.376089773271,1.8256735340729002,-2.2358794481343782,-3.843088763624327,-4.237130257782676,-6.259714134067119
linear_4,cs,21465,qasm simulator,1.0,1.8755942947702062,6.5039619651347085,11.91679873217115,77.9286846275752,-37.072107765451605,1602.6465927099825,-6191.531695721078,52120.854199682944,-299262.9865293184,1.8755942947702062,-2.63242859297707,-6.127201587613804,-6.403903827569382,-6.456883216368741
linear_4,cs,21465,qasm simulator,1.0,1.9310275712935867,6.400703132099945,13.47851575386892,64.16859359885859,59.05249339257541,916.4754681841416,-1645.4795390799627,21846.67149240031,-101651.92235793201,1.9310275712935867,-2.164715546263313,-5.031779272217406,-6.086579571472823,-6.446134484895975
linear_4,cs,21465,qasm simulator,1.0,1.8114104595879559,6.618066561014259,11.72979335535187,69.36133868981884,30.88425459656447,1028.932270003721,-2240.0305441679575,24800.625880938027,-118449.45384139413,1.8114104595879559,-2.63864726371118,-4.794944205192605,-6.1492826111767975,-6.458043543387401
linear_4,cs,21465,qasm simulator,1.0,1.7258320126782882,7.103011093502376,7.901743264659274,92.70522979397781,-130.70206022186966,2059.264659270997,-9024.798732171146,68574.16640253563,-402812.6576862122,1.7258320126782882,-3.56214466308227,-5.647016668687767,-6.355562818551647,-6.461527800182001
linear_4,cs,21465,qasm simulator,1.0,1.854384554000371,7.277495664558181,9.952326324005961,89.71746862484642,-77.39220591512371,1811.9777594635868,-7099.192994697881,57001.67815397942,-324919.690499251,1.854384554000371,-3.4949415798907317,-5.517450416944444,-6.390180472482841,-6.467824422640096
linear_4,cs,21465,qasm simulator,1.0,1.6973058637083993,6.839127409080213,9.828714879186514,74.4034531654016,-8.234440027736543,1191.9793342902626,-3318.8471235448383,30720.466789830927,-156208.69277559101,1.6973058637083993,-2.991107173480873,-4.768599097101136,-6.123628640976888,-6.453990514157293
linear_4,cs,21465,qasm simulator,1.0,1.8042789223454834,7.131537242472264,9.406497622820915,88.71156893819337,-89.48890649762251,1847.286846275752,-7520.821711568935,59370.48969889064,-342205.8090332804,1.8042789223454834,-3.4367054225636924,-5.577098064761017,-6.33778535476224,-6.460725642530841
linear_4,cs,21465,qasm simulator,1.0,1.7221345935266532,6.687656471168222,11.429338834229881,69.4125423429188,37.08130836351246,971.1675242106236,-1763.5727762887063,21460.201601467932,-95409.27116647917,1.7221345935266532,-2.6056938648315593,-4.53921413245971,-5.978179737954298,-6.442954463254964
linear_4,cs,21465,qasm simulator,1.0,1.7794333860765403,6.895720330701151,10.238377716887246,79.40601646036227,-35.21963914682969,1455.409659102932,-5024.0536661093465,42785.64165285834,-235056.64408668093,1.7794333860765403,-3.0901686439799745,-5.251832928942891,-6.255761776985237,-6.457088638062517
linear_4,cs,21465,qasm simulator,1.0,1.6973058637083995,6.375594294770204,11.638668779714742,60.8985736925515,64.9017432646594,712.5879556259899,-379.17908082408803,11776.378763866815,-35630.14421553088,1.6973058637083995,-2.3309819957841005,-4.0608716402624285,-5.112597622676208,-6.381074187688878
linear_4,cs,21465,qasm simulator,1.0,1.868462757527734,6.743106554142292,11.719754302140153,78.84524122236421,-29.847445979709885,1534.08707484348,-5590.6671401520925,47832.65621720399,-269437.46457760327,1.868462757527734,-2.8309096472989324,-5.750235095281225,-6.315210268984588,-6.454780576717269
linear_4,cs,21465,qasm simulator,1.0,1.8541996830427894,6.61045884100226,12.145540128202105,67.65839706297935,39.04018982574863,979.123361837902,-1974.62594318422,23127.43897702237,-108389.34793959084,1.8541996830427894,-2.6013760709953337,-4.767727943983539,-6.056903254525668,-6.451952581057748
linear_4,cs,21465,qasm simulator,1.0,1.875594294770206,7.017432646592712,9.753248313441556,87.74548933537326,-90.47310345428545,1868.5131694102658,-7760.690837870046,61160.43065720689,-355180.39809688716,1.875594294770206,-3.5005459490210873,-5.745639886271393,-6.375359783650311,-6.465768657902709
linear_4,cs,21465,qasm simulator,1.0,1.820312276303029,7.028155162132451,9.66045429703598,87.79082193503251,-87.81757220237925,1850.7468575049515,-7599.779985509093,60099.86720538596,-347737.00651779026,1.820312276303029,-3.3782758143132474,-5.67753878821528,-6.345655119824076,-6.460565186757023
linear_4,cs,21465,qasm simulator,1.0,1.8292477059194812,7.034373548887473,9.587363042988418,90.63964977846607,-106.77933254737238,2005.7909028549789,-8627.841481557081,67154.51834206223,-393949.04111480265,1.8292477059194812,-3.4211037473288575,-5.860655343028338,-6.36347892019767,-6.459874988769098
linear_4,cs,21465,qasm simulator,1.0,1.6901743264659272,6.923137253925553,7.333601199109136,92.07160419439212,-146.55686804944295,2124.0461542483577,-9652.010513991043,72350.70799352133,-429422.3933748968,1.6901743264659272,-3.54152893436219,-5.744876722558457,-6.348767045802289,-6.460028411424844
linear_4,cs,21465,qasm simulator,1.0,1.8042789223454836,6.461172741679875,10.07686212361331,78.87004754358155,-74.28446909667164,1714.1125198098248,-7217.289223454825,57422.66719492859,-336121.69492868445,1.8042789223454836,-2.969022831728592,-5.982349223095617,-6.363787243961335,-6.455829633903498
linear_4,cs,21465,qasm simulator,1.0,1.9187532601402033,7.159323907611827,9.198837118104539,97.4754383060093,-156.75384587613254,2369.319361155685,-11103.038738868818,83676.35165443935,-502704.78811609576,1.9187532601402033,-3.8287561348985126,-6.193776219126704,-6.408270903631113,-6.461262961221646
linear_4,cs,21465,qasm simulator,1.0,1.8040324277353743,7.540113263028424,7.235373096980691,107.66194011176908,-207.99251241498732,2670.1325319353673,-12832.924377818978,94368.91209354842,-568881.6350653527,1.8040324277353743,-4.024982419377749,-5.978050784068138,-6.40309644629225,-6.463145695143744
linear_4,cs,21465,qasm simulator,1.0,1.8881487134350772,6.171720843609124,14.704658374654391,53.79114810466799,127.21834816243273,454.04128286750176,1383.812240822754,2002.5486434703153,27335.113455992323,1.8881487134350772,-1.4892445147424505,-3.1317161544436893,-11.942454663392066,-6.590548186614702
linear_4,cs,21465,qasm simulator,1.0,1.6685780373302395,7.6409743757648485,4.633056670106808,119.22854283092826,-302.8052692580134,3240.4860350843974,-16717.764793100127,119156.09224251579,-731119.6601822807,1.6685780373302395,-4.171386373609808,-6.100167368212475,-6.402518342731843,-6.461053923987601
linear_4,cs,21465,qasm simulator,1.0,1.8328050713153725,7.587832378685436,6.095492385432919,115.19887135346701,-271.4300067350291,3084.022763403764,-15698.424309970702,113059.47082213407,-692081.8462938035,1.8328050713153725,-4.362631431185995,-6.195327586371922,-6.421148726349672,-6.4641882445682
linear_4,cs,21465,qasm simulator,1.0,1.8541996830427894,6.10459587955626,14.632805195807602,47.019649853161404,169.9065088271218,88.24967912128318,3802.310387755949,-14727.860833873856,136979.65717081467,1.8541996830427894,-1.4247464615616992,-1.5913823412484716,-6.853185494046517,-6.473642441653494
linear_4,cs,21465,qasm simulator,1.0,1.9255150554675118,7.188589540412045,9.34231378763867,93.27575277337553,-122.31537242472206,2098.2599049128353,-9228.889064976212,70894.1410459587,-418136.7622820917,1.9255150554675118,-3.8235725180152684,-5.893099351307584,-6.419254739265947,-6.472787704563666
linear_4,cs,21465,qasm simulator,1.0,1.6929305843789644,6.298766406519407,13.202906769015875,49.749555251517826,156.35666089437692,102.18139762443808,3824.598850563275,-15799.477955538816,145982.57354378377,1.6929305843789644,-1.9067600573443906,-2.1499142385058447,-6.951583257480243,-6.480479470085012
linear_4,cs,21465,qasm simulator,1.0,1.7900158478605388,7.517749479311261,4.868621485117578,120.14326192044199,-323.7193229365721,3400.714814450559,-17971.085903994073,127677.11547898997,-789131.87205996,1.7900158478605388,-4.470058240639046,-6.330185804373054,-6.435461422589121,-6.462613276640807
linear_4,cs,21465,qasm simulator,1.0,1.7614896988906499,7.031695721077654,9.320919175911257,84.74643423137871,-67.59508716323298,1657.4595879556239,-6294.02614896988,50889.1521394611,-286920.29239302676,1.7614896988906499,-3.3155495306200637,-5.353125103487,-6.328973727805565,-6.462668721268795
linear_4,cs,21465,qasm simulator,1.0,1.946909667194929,6.518225039619649,12.016640253565777,76.87321711568927,-36.37321711568892,1579.2408874801868,-6127.476228209177,51499.61172741665,-296189.051505546,1.946909667194929,-2.7719632956499254,-6.167613853507362,-6.409597445382579,-6.457813656288069
linear_4,cs,21465,qasm simulator,1.0,1.838580888202245,6.563725703785684,11.905286313449016,69.83160558870506,24.98878698508468,1088.8975292027633,-2676.5299783508076,27917.45297243861,-139396.0613348308,1.838580888202245,-2.6059200356197727,-5.009285883090405,-6.207398762941436,-6.45902768654568
linear_4,cs,21465,qasm simulator,1.0,1.8114104595879557,6.741044962857744,11.97052895502469,68.86619824391266,42.69918943110815,954.2705763865629,-1668.102612718365,21035.897745819217,-93058.38600931449,1.8114104595879557,-2.655418325681409,-4.568057817931357,-5.984424468891836,-6.448374256161541
linear_4,cs,21465,qasm simulator,1.0,1.8856837673339868,6.868886031100645,10.874020090555655,81.50751746314718,-50.00199934517051,1620.2792261065147,-6165.982546189708,51016.74550302939,-289859.43670752825,1.8856837673339868,-3.16855851481732,-5.664339106869817,-6.320174090957043,-6.459105313300823
linear_4,cs,21465,qasm simulator,1.0,1.8185419968304282,7.103011093502378,9.328157154008094,88.99893683637858,-92.04296040026695,1863.254117269187,-7625.70026068672,60051.39224762001,-346611.39405711455,1.8185419968304282,-3.480379434792214,-5.60161015153117,-6.3770048933094525,-6.465840385474019
linear_4,cs,21465,qasm simulator,1.0,1.896988906497623,6.9041907818485315,11.40984335143035,78.79013847270441,-22.45339197747158,1444.4427553615665,-4911.5234425088565,42843.66433285232,-235605.6825958616,1.896988906497623,-3.0726014180617836,-5.4303611255378,-6.296694166671605,-6.460408678982378
linear_4,cs,21465,qasm simulator,1.0,1.8827258320126785,6.746434231378764,11.422504210949597,76.20633715233988,-15.797129956190952,1380.5085968107564,-4597.343698141209,40653.1529611098,-222455.0544765538,1.8827258320126785,-2.945399513026089,-5.430652498260292,-6.285147782735672,-6.459664476492984
linear_4,cs,21465,qasm simulator,1.0,1.8687708757903698,6.389241132729875,13.312686504918066,60.39514206430523,86.27234977834144,684.0270957332768,-59.18006369022078,10881.006991483462,-29203.879822050534,1.8687708757903698,-2.121025962347838,-4.159222523733309,-5.361418357309683,-6.419551701398044
linear_4,cs,21465,qasm simulator,1.0,1.8185419968304277,6.2912819338124635,14.366731070645603,49.06456913862583,164.93959201407256,115.50810631138197,3717.98192061628,-14324.067705097827,135520.93825247785,1.8185419968304277,-1.6889265858923923,-1.8942684722274243,-6.987709490017572,-6.4812211117725145
linear_4,cs,21465,qasm simulator,1.0,1.88403673516644,6.396109368911549,13.692036107725622,60.256500050419305,89.59402711191755,688.2511954366116,-80.43955715623784,11309.949427522399,-32148.579923386827,1.88403673516644,-2.0338914898670444,-4.2058781188015795,-5.3973374677752854,-6.404860274289009
linear_4,cs,21465,qasm simulator,1.0,1.845449124383919,6.835250721121225,9.50086584344107,92.89565808458747,-141.76343862470938,2267.9239825561463,-10592.980724868436,80488.6851491976,-483791.6214328303,1.845449124383919,-3.4062533345101538,-6.31113339190762,-6.445654671563309,-6.460918868298714
linear_4,cs,21465,qasm simulator,1.0,1.7757527733755945,7.502377179080823,6.896196513470685,103.60221870047538,-185.76465927099812,2449.04595879556,-11397.354199683035,84169.18383518209,-502155.7202852611,1.7757527733755945,-4.00560523225141,-5.754301157326028,-6.433913473955183,-6.472059765831705
linear_4,cs,21465,qasm simulator,1.0,1.8328050713153723,7.079874213053509,9.180025097633026,93.16677974710642,-128.26425653864328,2141.290547429673,-9573.223621030718,73261.35449908691,-434262.1844246531,1.8328050713153723,-3.5449172065255232,-5.948100210243284,-6.368972110006927,-6.4595355003909845
linear_4,cs,21465,qasm simulator,1.0,1.6496483717039125,8.211004365942411,0.6109200847045066,145.0240693272316,-474.43688368566677,4341.774788581074,-23895.653212584173,165484.19525236438,-1031247.8652128879,1.6496483717039125,-4.850341056228798,-6.231483535841083,-6.4405340523422385,-6.465843917763208
linear_4,cs,21465,qasm simulator,1.0,1.8470681458003173,6.931854199683045,10.25393488807527,80.63909454313216,-45.819663671798395,1530.2448737213087,-5560.7029472289805,46335.95205928812,-258742.25913368363,1.8470681458003173,-3.2605689788160452,-5.382315126103648,-6.307709508482864,-6.462860678263423
linear_4,cs,21465,qasm simulator,1.0,1.7828843106180663,6.768215391472035,9.785600731018354,83.4455701308289,-80.54665906434123,1775.4341940310978,-7344.272977841634,58292.28108726531,-338627.60455168487,1.7828843106180663,-3.1466132941057716,-5.768395225269472,-6.319756197798792,-6.45605070343175
linear_4,cs,21465,qasm simulator,1.0,1.9180753999624034,6.818858829548979,10.840844156895072,87.99922192357914,-96.98410732225913,2012.258551682325,-8812.358820212054,69267.66451212115,-410012.1486300246,1.9180753999624034,-3.239687288269193,-6.271449836714021,-6.4315832331565534,-6.459894525981628
linear_4,cs,21465,qasm simulator,1.0,1.724274614914418,6.593887680622661,11.415860060777103,64.83610100303385,58.3433396035919,774.9615007786986,-561.4962646107142,13031.606897118363,-41208.197636390294,1.724274614914418,-2.557200160862248,-4.123165033840394,-5.486132865854213,-6.435203024881661
linear_4,cs,21465,qasm simulator,1.0,1.9397781299524564,5.896039030803113,17.70871059665389,28.302104043134015,303.8761053353636,-785.5765596075028,9585.45622044088,-52349.32640119121,381843.4820874362,1.9397781299524564,-0.06433301437865978,-10.648123126638524,-6.627498116203158,-6.468728096491798
linear_4,cs,21465,qasm simulator,1.0,1.8404912214305902,7.209507969369932,8.564584077693114,95.90139095165584,-144.52156205377258,2223.375919219481,-10078.704056454717,76221.53327988458,-452891.07847056276,1.8404912214305902,-3.7544780619982108,-5.888056943437808,-6.377855061380549,-6.4623625878953685
linear_4,cs,21465,qasm simulator,1.0,1.9326465927099843,7.197552980779641,10.743719678361881,80.67042176721696,-18.607756737207648,1366.508072698477,-4189.374799411875,37355.866134752694,-196986.02255612332,1.9326465927099843,-3.4861724326995795,-5.0537303928856305,-6.82350598552611,-5.6488881231981
linear_4,cs,21465,qasm simulator,1.0,1.7828843106180665,7.088748019017433,8.928684627575283,90.45166402535651,-107.36767036450074,1954.7591125198078,-8281.293185419961,64254.451664025306,-374492.75277337537,1.7828843106180665,-3.475268516707,-5.6672933759033075,-6.352385702163135,-6.461096199850253
linear_4,cs,21465,qasm simulator,1.0,1.6117274167987325,7.374009508716325,4.927416051778813,111.25294081764,-262.2076741988613,2919.1184070472564,-14714.570725901722,105597.54376710983,-643812.2869234605,1.6117274167987325,-3.930231842692333,-5.986059376213074,-6.386613148493803,-6.460382165741887
linear_4,cs,21465,qasm simulator,1.0,1.9180137763098761,6.632822624719429,11.269167757011093,82.8234177349136,-75.48813589073525,1848.5029498433246,-7886.326922191105,63080.426698354015,-371422.7416356778,1.9180137763098761,-3.009297295640933,-6.306967054328385,-6.455462820311807,-6.462553014671904
linear_4,cs,21465,qasm simulator,1.0,1.8969889064976229,6.275752773375594,14.648177496038041,50.03011093502377,155.3296354992078,204.6941362916,3068.16323296356,-9776.21077654523,104950.9683042793,1.8969889064976229,-1.6311593864730496,-2.027531874893199,-7.0889562596503355,-6.481494987279014
linear_4,cs,21465,qasm simulator,1.0,1.7636913439309416,6.699241717843346,11.20672058840006,70.35025265697534,22.116855874103702,1054.4515768807971,-2420.259795359673,25598.205308846496,-123520.00190722036,1.7636913439309416,-2.7316107116691852,-4.729947718083808,-6.051202999135246,-6.448574668572649
linear_4,cs,21465,qasm simulator,1.0,1.8399366085578448,6.6038034865293165,11.809825673534078,72.82250396196511,5.8240887480190064,1242.8890649762275,-3692.3771790808123,34854.14738510293,-184766.07765451592,1.8399366085578448,-2.660889210682396,-5.302077737173194,-6.2416925410241095,-6.454685197450139
linear_4,cs,21465,qasm simulator,1.0,1.8185419968304277,6.184785057944908,15.0299584320453,40.53973231681279,219.39728768784303,-293.93386101438847,6389.771396790335,-32304.634742294853,252573.68451366478,1.8185419968304277,-1.3985594168839854,-41.93151914372117,-6.719807063876488,-6.470995691356745
linear_4,cs,21465,qasm simulator,1.0,1.8067270619958844,6.877670202660896,9.739371787322469,82.20585910218693,-63.534497418653466,1634.1912922666666,-6306.357742109355,51105.8035574898,-290363.4527408826,1.8067270619958844,-3.2630050686329457,-5.489347056392678,-6.308713304397564,-6.4602983579853674
linear_4,cs,21465,qasm simulator,1.0,1.9470945381525104,6.557933080448121,14.035347078105183,62.47474986399226,87.71087551648725,738.9576577036414,-298.74581674993084,13067.628767912855,-42547.774309285836,1.9470945381525104,-2.1625911355601373,-4.353735411497322,-5.656558508318117,-6.432495303393756
linear_4,cs,21465,qasm simulator,1.0,1.8547542959155345,6.952615768434496,10.333037249319345,87.00289070951851,-83.17814028531109,1865.503526242337,-7734.114270793006,61523.43103441825,-357832.8007495673,1.8547542959155345,-3.2696908971024485,-5.856960653886949,-6.350496603706981,-6.458344703803351
linear_4,cs,21465,qasm simulator,1.0,1.790015847860539,6.837401946809452,11.42952370518748,71.80047008265035,27.235310850867528,1047.3066953164757,-2217.325292587861,24473.14192611879,-114564.78014610373,1.790015847860539,-2.803738573688835,-4.656017126595179,-6.118313271393989,-6.457114336699814
linear_4,cs,21465,qasm simulator,1.0,1.8470681458003173,7.280823341794657,7.626470408820033,104.1365741979899,-209.170140414783,2671.3820131140096,-13142.621729744802,96493.92608273994,-586286.6702518349,1.8470681458003173,-4.012073968027198,-6.19030102101028,-6.408819670300748,-6.460791249211451
linear_4,cs,21465,qasm simulator,1.0,1.8042789223454831,6.717908082408874,11.389064976228207,73.45007923930271,5.816957210776517,1212.5942947702051,-3430.214738510298,32746.064976228234,-170052.9532488117,1.8042789223454831,-2.77223953984911,-5.078854347328845,-6.199129243888054,-6.454097073098293
linear_4,cs,21465,qasm simulator,1.0,1.9112519809825677,6.974643423137875,10.512625379234452,88.5133648630647,-93.152314995213,1956.4674994366696,-8353.284793398916,65842.21155835626,-386393.74173340446,1.9112519809825677,-3.3865115965458417,-6.018161469370664,-6.376498525492796,-6.4596228974062715
linear_4,cs,21465,qasm simulator,1.0,1.8576338011336262,6.995192110180599,9.477028694213477,87.16087134599746,-88.21130252482689,1828.3118368454652,-7493.665792523734,59138.420446354394,-341773.04304007476,1.8576338011336262,-3.5103268217684267,-5.659757685494654,-6.408403718176096,-6.473815609627508
linear_4,cs,21465,qasm simulator,1.0,1.7258320126782887,7.537525069622275,6.22668914166345,106.08009456429579,-202.77392460501667,2543.533381968294,-11997.532458235954,87879.29526319506,-525845.2689380681,1.7258320126782887,-4.008438037251133,-5.743278058635604,-6.4379473047304465,-6.4716693488713855
linear_4,cs,21465,qasm simulator,1.0,1.8290628349618991,7.295915534513602,8.828703052424926,90.19831238336633,-94.86569342793064,1840.1358695719805,-7407.398729307821,58064.011750821286,-332573.4504159901,1.8290628349618991,-3.6882325473636866,-5.424249330613206,-6.4351622712336205,-6.481494746417921
linear_4,cs,21465,qasm simulator,1.0,1.8328050713153727,6.58954041204437,13.033755444978809,62.30460135721427,86.3525725696319,676.2430984621456,142.27158913084375,9375.185894283615,-17557.101167985464,1.8328050713153727,-2.315462283902363,-3.9631094552144157,-4.8005550836708455,-6.376896435652478
linear_4,cs,21465,qasm simulator,1.0,1.8399366085578448,6.350395823036788,11.647228865265793,66.69982434146728,18.29012789086525,1079.7781697899684,-2923.2169662987008,29093.95749461878,-150295.10335095765,1.8399366085578448,-2.530826053320764,-5.160554783642324,-6.1500450682213215,-6.451006995506006
linear_4,cs,21465,qasm simulator,1.0,1.8292925231213188,7.201003905321167,8.915295488526175,95.47237828706166,-139.62323796813726,2215.4330449678364,-10019.147334061196,76112.74879958367,-452307.42561402696,1.8292925231213188,-3.638728731122788,-5.928324376551236,-6.36479025342317,-6.4593565546108795
linear_4,cs,21465,qasm simulator,1.0,1.8328050713153723,7.858954041204438,4.331061557671649,130.30459886736972,-370.5285485575708,3771.2201346258935,-20190.051044925513,142680.41421925317,-884590.1661641331,1.8328050713153723,-4.754435496809272,-6.385987214491097,-6.444869585431718,-6.464511683238861
linear_4,cs,21465,qasm simulator,1.0,1.8684627575277335,6.898398158510974,9.907637971623238,85.00249731408016,-79.27297659670599,1780.3554029004194,-7255.254496970482,57761.5654187981,-333848.4814724441,1.8684627575277335,-3.3913723296258733,-5.725985624098994,-6.363258671096318,-6.464867585335618
linear_4,cs,21465,qasm simulator,1.0,1.7256471417207067,7.059639246423651,8.04472694497319,94.5444605316067,-143.9930552010985,2185.977443253329,-9882.69972163538,74644.1026749644,-442889.71367970406,1.7256471417207067,-3.5178045794781463,-5.82457618773034,-6.35874031212285,-6.4593413754011575
linear_4,cs,21465,qasm simulator,1.0,1.7908785789959203,7.058496407776781,8.168971432768604,95.06635684701023,-155.4920735798859,2266.759620448094,-10532.776965327661,78973.26232504167,-472545.55423752824,1.7908785789959203,-3.658744305082825,-5.9637366006878665,-6.368382069372775,-6.459436385272114
linear_4,cs,21465,qasm simulator,1.0,1.8043405459980106,6.346575156580096,13.245051745194289,58.2623362460365,94.76217876336912,602.9979981649834,417.02864939626943,7532.439291987769,-7904.222731533714,1.8043405459980106,-2.030130350430105,-3.813530264979836,-4.328508925303416,-6.204817864427046
linear_4,cs,21465,qasm simulator,1.0,1.8062340727756663,6.941926865796133,9.819583374312025,87.15589663659345,-84.18211843443542,1841.2415323499267,-7538.954611378827,59898.43207890809,-346545.5169664231,1.8062340727756663,-3.2700749338767445,-5.725959863534124,-6.354304798529029,-6.460092021524297
linear_4,cs,21465,qasm simulator,1.0,1.8143067712567365,7.710530673017431,3.7725495883664544,129.88311549268417,-384.9311950133388,3826.3857067983954,-20721.953584940413,145809.44525890023,-906607.6132904161,1.8143067712567365,-4.794976020795836,-6.43396560492468,-6.455169635680585,-6.465206968793619
linear_4,cs,21465,qasm simulator,1.0,1.8042789223454836,7.015057334895298,10.329149357059892,78.92497102443404,-22.915149210159047,1364.5229395602669,-4326.799230762529,38043.83761109369,-202970.89825561445,1.8042789223454836,-3.1780709100865465,-5.050927926336861,-6.283772745311543,-6.464920487268235
linear_4,cs,21465,qasm simulator,1.0,1.8114104595879554,7.245641838351819,7.330111059515996,102.29445275084245,-197.63950910224918,2555.9010809660094,-12359.478667634387,90940.70754285956,-549541.1521270118,1.8114104595879554,-3.959996501308732,-6.048191945625975,-6.394585107100842,-6.46225207000413
linear_4,cs,21465,qasm simulator,1.0,1.8002285677293741,7.1976762280847,9.130720573460998,86.25968705143886,-71.50714149662042,1669.826917211422,-6313.105251953588,50778.44119173911,-285372.55070257146,1.8002285677293741,-3.512178473595563,-5.279141202096394,-6.386011466106984,-6.473833263139837
linear_4,cs,21465,qasm simulator,1.0,1.8827258320126783,7.145800316957209,10.993502750655766,75.64468797890603,13.507157680610476,1118.2010885600346,-2561.1272746285986,26335.01391076143,-125088.42640579739,1.8827258320126783,-3.2653737212763065,-4.654327178702063,-6.686797768023857,-39.4255636593445
linear_4,cs,21465,qasm simulator,1.0,1.8684627575277337,6.275752773375594,14.862123613312203,47.4627575277338,181.3454833597464,24.123613312201783,4373.191759112525,-18435.72266244056,162757.75435816118,1.8684627575277337,-1.555496759360076,-1.6437834468327208,-6.753775149224673,-6.46871525303221
linear_4,cs,21465,qasm simulator,1.0,1.8953698850812253,7.163301434274947,10.03573113662649,87.73242512103755,-74.96232927447154,1778.4865816052757,-7002.829377800296,56243.455355219805,-321339.48910319497,1.8953698850812253,-3.54363902420824,-5.573400811453974,-6.425390625382313,-6.478290124610163
linear_4,cs,21465,qasm simulator,1.0,1.8826025847076242,7.131783737082374,8.140641359056755,102.08399117101114,-196.6712782737406,2613.4908043816254,-12778.422397147615,94440.49484539924,-573320.0434963383,1.8826025847076242,-3.96901718320691,-6.293510944616489,-6.426771194868835,-6.462435037800434
linear_4,cs,21465,qasm simulator,1.0,1.8114104595879557,7.516640253565766,6.446909667194934,110.64817749603806,-237.47543581616424,2839.725832012677,-14034.361331220274,101967.38985736917,-619089.5039619642,1.8114104595879557,-4.207660004443012,-6.054949614792031,-6.430847823666747,-6.468156471555007
linear_4,cs,21465,qasm simulator,1.0,1.840306350473008,6.360591736454935,13.513417149800249,54.57211025529621,125.46247742022248,371.23378270877623,2020.109438627205,-3309.689549998036,63772.42028326957,1.840306350473008,-2.0056036888824673,-2.950039595092871,-7.290016931547623,-6.475394662532387
linear_4,cs,21465,qasm simulator,1.0,1.8042789223454836,6.67511885895404,11.94421565539556,66.01806506710751,54.92473386674113,838.5444493273053,-973.173764383512,16142.795267552392,-61749.349960722124,1.8042789223454836,-2.6083688627433563,-4.3202452683196215,-5.7565898218944245,-6.4440550202077915
linear_4,cs,21465,qasm simulator,1.0,1.9111903573300402,6.77952053063567,11.324629044285626,82.22902959553713,-57.888857696669675,1721.4302613216328,-6891.425825041116,56357.89155357578,-325721.13467133406,1.9111903573300402,-3.0619710573091736,-5.981063729715721,-6.363399165103809,-6.45734725453906
linear_4,cs,21465,qasm simulator,1.0,1.6935916381060752,8.114244027174164,2.6765113045167133,136.0034870272874,-398.88512044000464,3898.357427144035,-20852.97596864288,146216.4690804878,-904951.728582668,1.6935916381060752,-4.632250776506446,-6.1771931762668775,-6.432391423255018,-6.464371222819467
linear_4,cs,21465,qasm simulator,1.0,1.8541996830427894,6.843900441075961,11.068134596016503,78.95096500150011,-29.97207141372128,1477.3757461752866,-5183.332556086861,44476.16447788574,-246721.88963515038,1.8541996830427894,-3.02799343207049,-5.461504589437491,-6.2836043772924555,-6.457415728168771
linear_4,cs,21465,qasm simulator,1.0,1.8898573692551506,6.465609644661834,12.67464641095133,69.77462051656805,22.029467932669654,1169.816746196451,-3288.8452841721696,32663.73254961323,-171750.47192700222,1.8898573692551506,-2.406109007726253,-5.457557426876228,-6.243481396926546,-6.451969017584322
linear_4,cs,21465,qasm simulator,1.0,1.7971473851030113,6.590033401264593,12.84782568100361,60.622253234619244,96.99111747958025,573.2636110464442,831.4868044463631,4503.509265333907,14542.183670852624,1.7971473851030113,-2.315299576505651,-3.6091292124462004,-15.753455969175029,-6.574880147906697
linear_4,cs,21465,qasm simulator,1.0,1.832989942272954,6.71840107162909,12.340931923915328,65.90846460001272,62.602105412548795,813.0345988798177,-744.5704781621853,14895.415701955571,-53133.58120441221,1.832989942272954,-2.585338039485884,-4.268719710358376,-5.707334563070954,-6.445412015120777
linear_4,cs,21465,qasm simulator,1.0,1.7044374009508718,7.590913561311797,4.998681004851461,117.41308761887444,-290.1479895127743,3163.3661627636275,-16211.065357796875,115927.87907696476,-710194.3483722013,1.7044374009508718,-4.193326992492692,-6.103405015567848,-6.408479466869384,-6.461980589170479
linear_4,cs,21465,qasm simulator,1.0,1.8114104595879557,7.125038748205753,9.071954017550924,90.4088411890004,-101.97284451045266,1925.612704680782,-8035.764643709464,62688.224418403355,-363721.9628552539,1.8114104595879557,-3.5287569785724027,-5.632541336494425,-6.384969680460871,-6.466358341134571
linear_4,cs,21465,qasm simulator,1.0,1.8467600275376805,7.061084601182923,7.389673120758713,105.36622376481922,-235.12783235378663,2854.4580417621614,-14540.226858451084,105892.8834354376,-649784.9620585035,1.8467600275376805,-4.017140200769954,-6.452680024251308,-6.488367119521546,-6.45539002357244
linear_4,cs,21465,qasm simulator,1.0,1.8541996830427891,6.902958308797991,10.666191521332369,81.59851879147925,-46.02142511232306,1581.5771858034032,-5841.574339911085,48728.12914201203,-274018.3731729206,1.8541996830427891,-3.1607891094855436,-5.525842587667409,-6.3209370097117485,-6.460729725934738
linear_4,cs,21465,qasm simulator,1.0,1.9239576577036415,7.17279147676415,10.020655750358236,86.63693584791025,-69.72129925068103,1723.3020069391935,-6663.375190939932,53790.64561793577,-305516.901353603,1.9239576577036415,-3.6369852844782775,-5.512094069205444,-6.507403981037816,-6.515129486516085
linear_4,cs,21465,qasm simulator,1.0,1.8477460059781166,7.044972817122163,8.9751264529799,90.10533909815341,-114.1510115615932,1991.3443691543116,-8639.0459052639,66538.33057790538,-390706.14113932813,1.8477460059781166,-3.624540426940613,-5.77692413041575,-6.372193968701911,-6.464536758053588
linear_4,cs,21465,qasm simulator,1.0,1.8146765131719,6.540219081421653,12.605829597529073,56.97767356395101,109.85090375132425,419.4967551100925,1728.7632126713168,-2090.748336472609,56604.212267339484,1.8146765131719,-2.3645499572508393,-3.2172767569299823,-7.258710959328324,-6.458809491292076
linear_4,cs,21465,qasm simulator,1.0,1.8256735340729002,6.38224964924315,13.748023997121738,55.36382853436546,121.60089285825448,424.781140174512,1664.1766108983,-667.7141123144625,46301.96960646753,1.8256735340729002,-1.946553040833915,-3.0526685194572813,-8.566058828346158,-6.522351735013094
linear_4,cs,21465,qasm simulator,1.0,1.854384554000371,6.189804584550762,14.323639331078368,49.78933051814914,150.63722404741654,217.9763302928181,2932.506139956651,-9038.679407616157,99754.02762295817,1.854384554000371,-1.6134221577349606,-2.083070168598307,-7.145098467325839,-6.484984782063567
linear_4,cs,21465,qasm simulator,1.0,1.9042436910451497,7.631450720374271,6.249999688769432,121.00451408816289,-305.6777885947693,3387.8195609657105,-17679.2872876007,126848.92469216189,-782185.6213313695,1.9042436910451497,-4.588888725155356,-6.445870063597107,-6.4601110278245475,-6.465175004607209
linear_4,cs,21465,qasm simulator,1.0,1.8613312202852614,7.288924051026873,8.3215179835247,100.73192341736143,-175.1697607134898,2459.9702749908784,-11631.976284853148,86727.61445130668,-521458.0997674485,1.8613312202852614,-3.8970870916951412,-6.065978687439875,-6.393313540344087,-6.461548530329992
linear_4,cs,21465,qasm simulator,1.0,1.932646592709984,6.820461044514683,11.441646758284646,78.98103734393341,-33.90595172440394,1524.4773704253769,-5564.659645097553,47222.966768044804,-265648.4158444993,1.932646592709984,-3.1085899897807967,-5.665852408900145,-6.316733556675347,-6.459969790237458
linear_4,cs,21465,qasm simulator,1.0,1.775489472314796,6.675645461075634,10.406991234502279,75.78321794978731,-21.278284945279335,1347.8191762847273,-4413.357364897916,38723.03589608876,-209643.3913363365,1.775489472314796,-2.9339117461586737,-5.2200843029179484,-6.277181921221406,-6.460664451042717
linear_4,cs,21465,qasm simulator,1.0,1.782884310618067,7.046451784782812,8.413488483846525,92.95611648986686,-134.55293347259797,2125.986358141727,-9518.966756840522,72297.16739224871,-428046.5744930355,1.782884310618067,-3.5773030405892046,-5.832433075068232,-6.363852997869503,-6.460820097953091
linear_4,cs,21465,qasm simulator,1.0,1.8470681458003173,6.917591125198097,10.97543581616482,75.15277437153206,-0.08637581962544516,1218.9949754937038,-3411.3297668384976,32158.684454530983,-165265.63743941864,1.8470681458003173,-3.073508800360629,-4.942100825148278,-6.282761949378101,-6.472085768045597
linear_4,cs,21465,qasm simulator,1.0,1.7524646348705217,7.024547377384492,9.940903539687499,76.42768931221778,-7.286343327154332,1203.0212956404057,-3243.0300760772043,30300.881199557254,-151867.7432995168,1.7524646348705217,-3.1570432050079535,-4.720418273422736,-6.277263512534584,-6.475490312353963
linear_4,cs,21465,qasm simulator,1.0,1.797147385103011,6.261489698890649,13.039777756475779,55.21046406967573,104.18221678329536,489.17330811950734,1059.1861109001695,2814.7330562965217,21920.74956521082,1.797147385103011,-2.005092180335902,-3.4000081223408842,-17.09716953607775,-6.601067492540681
linear_4,cs,21465,qasm simulator,1.0,1.9326465927099843,7.416798732171156,8.167828594121733,102.44342512975204,-183.39859112146294,2505.290135360399,-11905.202260654352,88345.77255394554,-531638.4360147297,1.9326465927099843,-4.207130932466509,-6.056955211269159,-6.424162876356213,-6.47000751259028
linear_4,cs,21465,qasm simulator,1.0,1.7222578408317073,7.374502497936542,6.9823071646521715,103.65539431045623,-187.9162266903865,2489.0543308978495,-11669.824977622518,86297.88982064404,-516280.498100871,1.7222578408317073,-3.81550685525744,-5.835402757372073,-6.405976172252023,-6.463848316696192
linear_4,cs,21465,qasm simulator,1.0,1.836177565753682,7.390244540082136,8.41234004304942,96.45517470616721,-131.54889805704966,2123.761945962903,-9220.205166302932,70328.47015610074,-412014.9235835577,1.836177565753682,-3.8289221420297257,-5.653290060462437,-6.444035646212237,-6.47782075542949
linear_4,cs,21465,qasm simulator,1.0,1.711568938193344,7.602218700475434,4.706814580031698,118.6354992076069,-304.2979397781298,3244.882725832012,-16816.11727416798,119763.37083993647,-735870.3518225041,1.711568938193344,-4.270058592511677,-6.138390469560299,-6.408409342381768,-6.461755139090593
linear_4,cs,21465,qasm simulator,1.0,1.9289043563565107,6.761683284304144,12.702242602983082,71.4036585775767,31.060100490125947,1108.5769417986385,-2674.8815400435305,28460.216087383524,-141913.03817367373,1.9289043563565107,-2.6980747682205575,-5.070637898141923,-6.217207284432704,-6.460658133003049
linear_4,cs,21465,qasm simulator,1.0,1.8364856840163188,7.228454441446946,8.23165389168928,100.65347090554393,-173.53894677085808,2451.2683990175055,-11543.426037300353,86186.38771485796,-517545.40734354715,1.8364856840163188,-3.825468765722456,-6.059047350670164,-6.402515960456766,-6.462840415643233
linear_4,cs,21465,qasm simulator,1.0,1.800581503193848,6.690278277475747,11.96594079398652,67.33262082281891,49.60354267531336,893.164596153438,-1295.6393466398881,18454.544116933,-76492.6905776808,1.800581503193848,-2.606357180635378,-4.443967035836704,-5.890345399876832,-6.445804720687002
