system,method,shots,computer,PDS 1,PDS 2,PDS 3,PDS 4,PDS 5,PDS 6
linear_6,mix,469152,qasm simulator,2.086750788643533,-3.8768858966726536,-7.15259419240636,-9.009575787371636,-9.6543826588885,-9.845140554525432
linear_6,mix,469152,qasm simulator,2.188485804416404,-2.998963823690635,-5.395598700370239,-8.060165962808725,-9.614215910788296,-9.81558953754357
linear_6,mix,469152,qasm simulator,2.2239747634069404,-3.463688779231172,-6.891940631679876,-8.80534288493699,-9.487861612248631,-9.775641937762877
linear_6,mix,469152,qasm simulator,2.1490536277602525,-3.3049421038068587,-6.116208817422164,-8.10362253756384,-9.163276580160366,-9.564542695547349
linear_6,mix,469152,qasm simulator,2.2444794952681395,-2.6637788144802097,-5.659314276595096,-9.83715026505872,-10.478192189489892,-10.429484950859795
linear_6,mix,469152,qasm simulator,2.2066246056782335,-3.2636323243574528,-5.284369045891767,-6.042366609885665,X,-10.809568588580651
linear_6,mix,469152,qasm simulator,2.2397476340694005,-3.5991444486291573,-6.735054277184846,-8.869887011663897,-9.65459765272984,-9.832807280351732
linear_6,mix,469152,qasm simulator,2.123028391167192,-3.181899852771956,-5.840904394197336,-8.436736826807758,-9.530885792530714,-9.760492610686558
linear_6,mix,469152,qasm simulator,2.1940063091482656,-3.140789522198256,-5.948468236962265,-8.27443758586176,-9.503510213294776,-9.744592162112726
linear_6,mix,469152,qasm simulator,2.208201892744479,-3.056358204662807,-5.088623054590705,-6.828293388809743,-8.114753094483167,-8.437454821454352
linear_6,mix,469152,qasm simulator,2.227129337539432,-3.3925749018543865,-6.401063818481942,-8.47559434325627,-9.446171199943503,-9.729389393459456
linear_6,mix,469152,qasm simulator,2.157728706624605,-3.382402448453226,-6.642524335578379,-8.785380551352207,-9.60195402253742,-9.80857039353822
linear_6,mix,469152,qasm simulator,2.284700315457413,-3.164025572492038,-5.897034473507404,-8.13168041527899,-9.438914872429313,-9.707198340920279
linear_6,mix,469152,qasm simulator,2.2074132492113563,-2.7193138016720186,-4.411598947346523,-5.952938994645301,-9.130744012456422,-9.701472585499483
linear_6,mix,469152,qasm simulator,2.2152996845425865,-3.5389454782336367,-6.677818493448333,-8.658044637406377,-9.475218107503268,-9.756297758487111
linear_6,mix,469152,qasm simulator,2.195583596214511,-3.4242363781673486,-5.927804792279989,-8.099323961160044,-9.159167670809826,-9.563135987558034
linear_6,mix,469152,qasm simulator,2.0820189274447944,-4.067357705511815,-7.21788968153383,-8.76406643398252,-9.400115540434882,-9.777973712274443
linear_6,mix,469152,qasm simulator,2.1687697160883275,-3.746571441496166,-6.170877371765457,-7.519302958671592,-8.200159861288977,-8.49325470687271
linear_6,mix,469152,qasm simulator,2.30205047318612,-2.99255728808113,-5.194822730964907,-6.53983457889319,-7.000228970399688,-15.797248862019897
linear_6,mix,469152,qasm simulator,2.3194006309148265,-2.8877187467019216,-5.313720126035889,-8.086110895630338,-9.71559790571376,-9.87551413249938
linear_6,mix,469152,qasm simulator,2.1482649842271293,-3.278744585556618,-5.787946298485732,-7.2581748622487225,-7.983596399552016,-8.10147760808783
linear_6,mix,469152,qasm simulator,2.1593059936908516,-3.3558838610819235,-6.297833385971071,-8.598738404185097,-9.55407880981344,-9.780382069894832
linear_6,mix,469152,qasm simulator,2.217665615141956,-3.4434138229567686,-6.43856639286245,-8.45201070341815,-9.379440872652655,-9.698175495504413
linear_6,mix,469152,qasm simulator,2.279968454258675,-3.3590587455859056,-6.442981678241743,-8.625460323516982,-9.552227993252774,-9.783469785978085
linear_6,mix,469152,qasm simulator,2.280757097791798,-3.4661133680267913,-7.055776684777161,-9.143583948359577,-9.71965450333414,-9.862132573199911
linear_6,mix,469152,qasm simulator,2.205047318611987,-3.174603597659999,-5.412242675336932,-6.9480417961513945,-7.889402480293386,-8.003594382830618
linear_6,mix,469152,qasm simulator,2.198738170347003,-3.3226039421941396,-6.462406828652572,-8.958985166519625,-9.794370040779004,-9.895082642086585
linear_6,mix,469152,qasm simulator,2.1608832807570977,-3.612493745076617,-6.942141568428379,-8.910613445104035,-9.688225031754335,-9.849143271804236
linear_6,mix,469152,qasm simulator,2.2160883280757098,-3.2924588353227713,-5.655285795551396,-7.789512492325516,-9.155284354913686,-9.539612191632045
linear_6,mix,469152,qasm simulator,2.1340694006309144,-3.799154216427793,-6.65533622210021,-7.960349002274683,-8.57767058207607,-9.188428217601464
linear_6,mix,469152,qasm simulator,2.250788643533123,-3.542242908858457,-7.096924232753128,-9.268596276022237,-9.849393313461132,-9.918507463788375
linear_6,mix,469152,qasm simulator,2.2555205047318614,-2.910995390074731,-5.16547033678236,-7.6059161209538235,-9.375352628146892,-9.675346570497997
linear_6,mix,469152,qasm simulator,2.1798107255520507,-2.9352216408423377,-4.962866973453784,-5.81675687832159,X,-10.991626117517452
linear_6,mix,469152,qasm simulator,2.121451104100946,-3.8165076035284597,-7.1513726826859285,-8.98668681841038,-9.60274526729151,-9.831528137260062
linear_6,mix,469152,qasm simulator,2.2523659305993693,-3.0028246303680812,-5.986182150852419,-9.102339594219695,-10.014082453497181,-10.028900749617826
linear_6,mix,469152,qasm simulator,2.2689274447949526,-2.846103064224822,-5.575221281817892,-8.024502308208696,-9.30811198137535,-9.62005387776029
linear_6,mix,469152,qasm simulator,2.2184542586750786,-3.4287285783251673,-6.778865724388442,-8.761991448151623,-9.566573890438011,-9.793642041895644
linear_6,mix,469152,qasm simulator,2.1482649842271297,-3.707424841572673,-6.635677720749378,-8.289341560561699,-9.143746511826858,-9.592762518829513
linear_6,mix,469152,qasm simulator,2.152208201892744,-3.57142512735361,-6.364024968951808,-8.285948934818997,-9.249382235260612,-9.638884471950757
linear_6,mix,469152,qasm simulator,2.1987381703470033,-3.4724279028870555,-6.665511574989688,-8.690327650569827,-9.505503183111188,-9.768041063866363
linear_6,mix,469152,qasm simulator,2.1293375394321767,-3.8400457858497155,-7.079397254548043,-8.950246801453531,-9.66928266007745,-9.84501773939777
linear_6,mix,469152,qasm simulator,2.197160883280757,-3.1363463068511876,-5.387653345032595,-7.106962954701908,-8.296761815688427,-8.650908709484954
linear_6,mix,469152,qasm simulator,2.134858044164038,-3.609957419613204,-6.680101906716365,-8.57760671915473,-9.362886578637879,-9.720110432498272
linear_6,mix,469152,qasm simulator,2.210567823343849,-2.970316051704443,-5.032177713118969,-6.56275562837248,-7.163212994529891,-18.82629167746825
linear_6,mix,469152,qasm simulator,2.0757097791798107,-3.6703518060960656,-6.53495760887923,-8.371455589560195,-9.158341052841639,-9.622680827080787
linear_6,mix,469152,qasm simulator,2.204258675078864,-3.5317985575767623,-6.062607118932791,-8.130622635491399,-9.228054374044685,-9.609437375129287
linear_6,mix,469152,qasm simulator,2.2444794952681386,-3.4215870425136887,-6.668963600777458,-8.696835761250204,-9.559232285950445,-9.785845786078154
linear_6,mix,469152,qasm simulator,2.0930599369085177,-3.6401108484601377,-6.357915071755928,-8.336300265320808,-9.311234481519513,-9.670201290328018
linear_6,mix,469152,qasm simulator,2.138801261829653,-3.4940316467357397,-6.379329000035484,-8.132077288804558,-8.983491330979511,-9.491210841576354
linear_6,mix,469152,qasm simulator,2.1892744479495265,-3.7970498239592176,-6.15528901077314,-7.435729628943232,-7.9640016716017685,-8.023768622874487
linear_6,mix,469152,qasm simulator,2.232649842271293,-3.105089543448638,-6.811130931491849,-9.490433186326245,-10.048870146426234,-10.049566921143176
linear_6,mix,469152,qasm simulator,2.141955835962145,-3.5632787024476817,-6.62512365914459,-8.506209673805165,-9.374064865788815,-9.711518224504422
linear_6,mix,469152,qasm simulator,2.138801261829653,-3.4121567219965208,-6.2356812388662775,-8.132332154368042,-8.999748257043056,-9.485995501865382
linear_6,mix,469152,qasm simulator,2.173501577287067,-3.0934597028259017,-4.341043238815953,X,-11.111835752921227,-10.231720698260602
linear_6,mix,469152,qasm simulator,2.190851735015773,-3.576138148035677,-6.56064843246663,-8.375773303918779,-9.33162206987204,-9.679422564084257
linear_6,mix,469152,qasm simulator,2.169558359621451,-3.633519159316245,-7.117703250179034,-9.004384029234096,-9.643865700119509,-9.837267798085419
linear_6,mix,469152,qasm simulator,2.165615141955836,-3.1931857680563533,-5.633088487557904,-7.425790390314593,-8.447495924281418,-8.849207689298519
linear_6,mix,469152,qasm simulator,2.2358044164037865,-3.306523919493935,-6.676461125898877,-8.996283009389538,-9.734899001996768,-9.864020518203443
linear_6,mix,469152,qasm simulator,2.149053627760253,-3.415291651870914,-5.945197970381222,-7.47569735188063,-8.049784958208726,-8.133895579309579
linear_6,mix,469152,qasm simulator,2.2003154574132493,-2.956112159144529,-4.827457341986756,-5.022465309598672,-12.455777023851489,-10.427724523143436
linear_6,mix,469152,qasm simulator,2.0812302839116716,-3.030261287340992,-5.546073720519818,-7.922047287554358,-9.15572263305365,-9.5421058007446
linear_6,mix,469152,qasm simulator,2.205047318611987,-3.5472338325991606,-6.142771770585279,-8.001005706316684,-9.026176347341947,-9.491334000230998
linear_6,mix,469152,qasm simulator,2.161671924290221,-2.9738861625924,-5.1190533138197285,-6.710170653328827,-7.428349044809975,X
linear_6,mix,469152,qasm simulator,2.197160883280757,-2.7118760179679757,-4.491607148159066,-6.858780900458134,-9.305891297880368,-9.642980091685095
linear_6,mix,469152,qasm simulator,2.2050473186119874,-2.9408273150504125,-5.317469773808526,-7.704442704403524,-9.165848958341385,-9.51600815575037
linear_6,mix,469152,qasm simulator,2.1135646687697163,-3.7935231239740954,-6.765639263965964,-8.370900027169732,-9.205974609253722,-9.640967528722392
linear_6,mix,469152,qasm simulator,2.1742902208201893,-3.5336495240554395,-7.050932666338589,-9.010685360370598,-9.629085482972007,-9.833508508609466
linear_6,mix,469152,qasm simulator,2.235804416403785,-3.195952185740955,-5.625131284437494,-7.343757970329037,-8.384925504104608,-8.782715067221288
linear_6,mix,469152,qasm simulator,2.2523659305993693,-3.183701336821368,-6.211456220520393,-8.265973737385952,-9.270345504261517,-9.622121404838328
linear_6,mix,469152,qasm simulator,2.0891167192429023,-3.950325939182453,-7.153370364381328,-8.991252276047865,-9.655589047424112,-9.845049185186479
linear_6,mix,469152,qasm simulator,2.048895899053628,-3.9989588922273525,-6.818357631589314,-8.456021182061797,-9.292561657199066,-9.692181576827217
linear_6,mix,469152,qasm simulator,2.246845425867508,-3.060915144658717,-5.827541109837435,-8.07806047477564,-9.209424316439607,-9.56832130551779
linear_6,mix,469152,qasm simulator,2.261829652996845,-2.809559005909003,-4.78740741056514,-6.846799674240686,-8.512978203564032,-8.929309024855767
linear_6,mix,469152,qasm simulator,2.194006309148265,-3.0565723344160998,-5.7491864601516856,-8.442207968302782,-9.670494314479534,-9.834579060078951
linear_6,mix,469152,qasm simulator,2.236593059936909,-3.099093877587713,-6.04990716840298,-8.231828606100247,-9.326893629077908,-9.655522960440866
linear_6,mix,469152,qasm simulator,2.2397476340694005,-2.7181812531224554,-5.340294026184717,-7.385629620190169,-8.47945586298988,-8.86947774059279
linear_6,mix,469152,qasm simulator,2.1790220820189274,-3.4707498262563066,-6.834429651301103,-8.823455085412952,-9.577909466104249,-9.802196431052629
linear_6,mix,469152,qasm simulator,2.208990536277602,-3.532424084664189,-5.911098675147185,-7.713246263927701,-8.931332873019215,-9.390350322154774
linear_6,mix,469152,qasm simulator,2.1656151419558363,-3.3720030872476303,-5.695854599112984,-7.313981772425775,-8.124418889651844,-8.35865860552864
linear_6,mix,469152,qasm simulator,2.2105678233438484,-2.9272836329398793,-5.616434790339429,-8.183177401792658,-9.489383707098666,-9.738733252269025
linear_6,mix,469152,qasm simulator,2.1458990536277605,-3.4054355097608786,-5.473967379990073,-6.537394655003494,-6.594586520168228,-11.535929014892247
linear_6,mix,469152,qasm simulator,2.2279179810725553,-2.6072393663944786,-3.9593437522257773,-4.867399121567118,-9.545042835760878,-10.446895782180812
linear_6,mix,469152,qasm simulator,2.1813880126182963,-2.978447789698862,-6.4136395621838425,-9.289288619889177,-9.926848413576904,-9.957215463767483
linear_6,mix,469152,qasm simulator,2.1932176656151423,-3.4319092562243156,-5.996195976710247,-8.037786026634004,-9.162928335188486,-9.565483549846682
linear_6,mix,469152,qasm simulator,2.212145110410095,-3.441322313368028,-5.597558236822209,-6.840825033241106,-7.163748196407583,-14.341043788045715
linear_6,mix,469152,qasm simulator,2.0796529968454256,-3.2410757892495816,-5.943490974431548,-8.511772313605,-9.64773353463099,-9.824031723921408
linear_6,mix,469152,qasm simulator,2.2074132492113563,-3.5851908290602137,-7.000644148011358,-9.051945175940293,-9.740701092174172,-9.872940901096122
linear_6,mix,469152,qasm simulator,2.2255520504731865,-3.6410297335205444,-6.834110069761715,-8.770343715374736,-9.582085893504956,-9.804075754443932
linear_6,mix,469152,qasm simulator,2.159305993690851,-3.548867694852374,-6.4291387008158924,-8.600632205678004,-9.471346232230303,-9.749808952756371
linear_6,mix,469152,qasm simulator,2.1987381703470033,-3.223974983515851,-6.105753888762858,-8.506773953151512,-9.497899684555003,-9.747756849904821
linear_6,mix,469152,qasm simulator,2.1742902208201893,-3.726748340212467,-6.764009127910116,-8.691456291775511,-9.48674815635405,-9.772124047581457
linear_6,mix,469152,qasm simulator,2.261041009463722,-2.7098526155579195,-3.9488137363785354,X,-11.129919968823277,-10.25204042987974
linear_6,mix,469152,qasm simulator,2.1553627760252367,-3.5811557411300723,-7.069258264944024,-9.209687461259723,-9.790941253111413,-9.893972450904798
linear_6,mix,469152,qasm simulator,2.185331230283912,-3.3578099208959418,-6.288467459582159,-8.501259012866608,-9.555366470950764,-9.778191021522069
linear_6,mix,469152,qasm simulator,2.2066246056782335,-3.6701949656718145,-6.1586149043151135,-7.77254973638682,-8.594646487256686,-9.11493071861966
linear_6,mix,469152,qasm simulator,2.326498422712934,-3.2306569903760547,-6.210764713822929,-8.254196807828437,-9.279605207143238,-9.630482835100198
linear_6,mix,469152,qasm simulator,2.2318611987381707,-3.2281493361076743,-5.901729374066447,-7.675549900571351,-8.570117258611056,-9.03014315622083
linear_6,mix,469152,qasm simulator,2.1380126182965298,-3.406778518054563,-6.1267314029844755,-8.439201557079778,-9.552052837517127,-9.778451470845464
linear_6,mix,469152,qasm simulator,2.134858044164038,-3.468699600448744,-6.55148954046889,-8.3137524814638,-9.17484154465382,-9.609833563445896
linear_6,mix,469152,qasm simulator,2.1175078864353316,-3.4984686673960144,-6.926938895368027,-9.015740225212038,-9.663093257930488,-9.842663766771022
linear_6,qwc,469160,qasm simulator,2.2263406940063093,-3.381725231048655,-6.460418525695792,-8.817327560986485,-9.68886242343622,-9.842135556792016
linear_6,qwc,469160,qasm simulator,2.2129337539432177,-3.5285716872044848,-6.84457408193964,-9.038126125716794,-9.729508886144487,-9.8644147384088
linear_6,qwc,469160,qasm simulator,2.226340694006309,-3.014445726158141,-5.840846833117489,-8.720846007932568,-9.77256923438572,-9.880818105234791
linear_6,qwc,469160,qasm simulator,2.145110410094637,-3.702849630158488,-7.130594433778757,-9.1433672620871,-9.764735982631645,-9.88324469521353
linear_6,qwc,469160,qasm simulator,2.1514195583596205,-3.214695927191279,-5.79980634765224,-7.973540815495941,-9.077356285449262,-9.502629472291568
linear_6,qwc,469160,qasm simulator,2.227129337539432,-3.289685569163529,-6.370409056188837,-8.908024091994504,-9.760549137271465,-9.873941029000164
linear_6,qwc,469160,qasm simulator,2.0946372239747637,-3.60354936986832,-6.3633438696831135,-7.768103131977602,-8.322616128012836,-8.738389956943541
linear_6,qwc,469160,qasm simulator,2.125394321766562,-3.6318124227356896,-6.669124405187869,-8.665752683203486,-9.52145530560309,-9.780362833804723
linear_6,qwc,469160,qasm simulator,2.1458990536277605,-3.09420799658985,-5.2240939993541975,-7.434950458745131,-9.31422089016186,-9.651050260117806
linear_6,qwc,469160,qasm simulator,2.2373817034700316,-2.7884821728164,-4.577087556154141,-6.149980296783496,-7.804674694297075,-8.075394898500475
linear_6,qwc,469160,qasm simulator,2.21608832807571,-3.458991175758843,-6.724123172848886,-9.005319241386669,-9.722338908300717,-9.86184349102708
linear_6,qwc,469160,qasm simulator,2.134858044164038,-3.9414290937170513,-7.179503160302374,-8.782888724414546,-9.449815923957274,-9.781008291119285
linear_6,qwc,469160,qasm simulator,2.2231861198738168,-3.170556968452711,-5.862312225286354,-8.267560219495442,-9.468881458132962,-9.726219954394171
linear_6,qwc,469160,qasm simulator,2.2018927444794953,-3.802185717856105,-7.191185585218594,-9.043647946787988,-9.678265898601282,-9.852043081445762
linear_6,qwc,469160,qasm simulator,2.1285488958990535,-3.1767642432095182,-5.189983263191817,-5.806258889419272,-15.045780184393035,-10.611348367951255
linear_6,qwc,469160,qasm simulator,2.2160883280757098,-3.0497466486244993,-6.146473898413037,-8.289288348807961,-9.128636388135687,-9.547100052600065
linear_6,qwc,469160,qasm simulator,2.130914826498423,-3.8804021642165263,-7.0708605960268045,-8.8923975940709,-9.567517704329191,-9.817003898673068
linear_6,qwc,469160,qasm simulator,2.253154574132492,-2.4140836722624637,-2.775693287764049,-13.421493179955535,-10.574663998469104,-10.148036477035578
linear_6,qwc,469160,qasm simulator,2.2847003154574135,-3.2466915839387904,-6.5073518699788355,-9.330106484137703,-9.985160445016524,-9.999885077454422
linear_6,qwc,469160,qasm simulator,2.2523659305993693,-2.71768637657556,-4.041518525085386,X,-11.21036347966747,-10.32258274525777
linear_6,qwc,469160,qasm simulator,2.129337539432176,-3.265334890548156,-5.323702687376607,-6.563601180421126,-6.826182627471932,-13.349276764230662
linear_6,qwc,469160,qasm simulator,2.086750788643533,-3.5990126063955388,-6.764016204504657,-8.53857598895802,-9.348650433194873,-9.71237237075448
linear_6,qwc,469160,qasm simulator,2.2184542586750786,-3.9067912073083564,-6.851470006554283,-8.634050728729036,-9.461886601093076,-9.759142907353999
linear_6,qwc,469160,qasm simulator,2.1403785488958986,-3.4922162675498822,-6.254693229901723,-7.93028992693414,-8.785090582245415,-9.317345054692279
linear_6,qwc,469160,qasm simulator,2.214511041009464,-3.3508177015274234,-6.502083731464111,-8.821714247678475,-9.708597036517194,-9.855080058451206
linear_6,qwc,469160,qasm simulator,2.1388012618296526,-3.9287489337235235,-7.156668075840062,-8.897927052197668,-9.556568394968057,-9.814845888076022
linear_6,qwc,469160,qasm simulator,2.072555205047318,-3.7554882497123976,-6.7726677696262305,-8.582431329060416,-9.358574923420552,-9.72337527010262
linear_6,qwc,469160,qasm simulator,2.2074132492113567,-3.6788492567065356,-6.971158229828476,-8.754483488841107,-9.468985131539462,-9.777321364734002
linear_6,qwc,469160,qasm simulator,2.112776025236593,-3.4307253859849736,-6.105181946584617,-7.734232189723285,-8.560298161761555,-9.064752752842509
linear_6,qwc,469160,qasm simulator,2.2657728706624605,-3.209823600223026,-6.118494638462257,-8.37698428959768,-9.39215184575079,-9.68521451268379
linear_6,qwc,469160,qasm simulator,2.1482649842271293,-3.583123394265573,-6.771752609764915,-8.759273342280949,-9.518301942918775,-9.781675914390108
linear_6,qwc,469160,qasm simulator,2.1537854889589907,-3.4007608785655075,-6.340690878011998,-8.418978658868522,-9.344278813022218,-9.685801816582051
linear_6,qwc,469160,qasm simulator,2.212145110410095,-2.6248905654713535,-3.3362724927834018,-15.329606501268554,-10.544098245666156,-10.17548511465683
linear_6,qwc,469160,qasm simulator,2.1758675078864353,-3.5075923270784766,-6.83829432540712,-9.01424359974096,-9.715177206407173,-9.858667995350606
linear_6,qwc,469160,qasm simulator,2.1261829652996846,-3.2181054292164784,-4.824714685961274,-5.087051996049678,-13.140394705829252,-10.558957573553355
linear_6,qwc,469160,qasm simulator,2.166403785488959,-3.03934104052889,-5.817192698169569,-8.119047754213971,-9.238878303628999,-9.596586634363357
linear_6,qwc,469160,qasm simulator,2.1608832807570977,-3.572031597484543,-6.5733375303783355,-8.720267964532034,-9.584783063739971,-9.801509475926093
linear_6,qwc,469160,qasm simulator,2.1088328075709777,-3.50988947682492,-6.699945293025914,-8.788480557710042,-9.561929451372578,-9.796445258552945
linear_6,qwc,469160,qasm simulator,2.218454258675079,-3.680352399327222,-6.91409937672751,-9.017681283730292,-9.725139987328433,-9.863444468565373
linear_6,qwc,469160,qasm simulator,2.126971608832808,-3.501933921388434,-6.310652057055897,-8.548053163801637,-9.55903858397594,-9.788677204975777
linear_6,qwc,469160,qasm simulator,2.1222397476340693,-4.273100389219254,-7.80371817816348,-9.33684274843149,-9.78730808128795,-9.89947559830263
linear_6,qwc,469160,qasm simulator,2.1253943217665614,-4.061386742855642,-7.51032894136768,-9.130799144216247,-9.679199995029597,-9.860963520047347
linear_6,qwc,469160,qasm simulator,2.1837539432176656,-3.5429930431972516,-6.651104080359178,-8.633412120152471,-9.493514719456746,-9.764298918963918
linear_6,qwc,469160,qasm simulator,2.1261829652996846,-3.5142799299396765,-5.896168361450748,-7.369272678024936,-8.08454482327627,-8.262829470548407
linear_6,qwc,469160,qasm simulator,2.2050473186119874,-3.2256088550472626,-5.727464952257046,-8.207865171298238,-9.557790297602153,-9.77827958959821
linear_6,qwc,469160,qasm simulator,2.1182965299684544,-4.129953402091705,-7.490048444334796,-9.119625061104205,-9.641867250085438,-9.856638400984519
linear_6,qwc,469160,qasm simulator,2.256309148264984,-3.1851413972909732,-5.559898539342724,-7.6501300693960825,-9.145175745280044,-9.522498353240074
linear_6,qwc,469160,qasm simulator,2.0496845425867507,-3.6756023871973804,-6.028671423036728,-7.183241884898766,-7.316035575092546,-12.007714128928944
linear_6,qwc,469160,qasm simulator,2.2657728706624605,-3.0897700412093854,-5.569168856426973,-7.4466404088171885,-8.570903402083669,-9.001146879383073
linear_6,qwc,469160,qasm simulator,2.279179810725552,-3.410551065837181,-6.561518122928764,-8.67794977311153,-9.563806927990115,-9.786427142442781
linear_6,qwc,469160,qasm simulator,2.169558359621451,-3.676548123699855,-6.725741772620077,-8.667230608318995,-9.474964126401733,-9.764592340071903
linear_6,qwc,469160,qasm simulator,2.118296529968454,-3.919902204107806,-6.973983495560143,-8.891490923325902,-9.608228364865413,-9.826676418447512
linear_6,qwc,469160,qasm simulator,2.218454258675079,-3.1791314643606765,-5.488574835311698,-8.095001283209399,-9.596737174001312,-9.803488291711503
linear_6,qwc,469160,qasm simulator,2.229495268138801,-3.3536343561233326,-6.676110869396567,-8.954189262969237,-9.714500045342826,-9.856820902562747
linear_6,qwc,469160,qasm simulator,2.130914826498423,-3.3865430008735324,-6.816040419583739,-9.00269112108814,-9.66775171164446,-9.838811474823823
linear_6,qwc,469160,qasm simulator,2.135646687697161,-3.8430191139316703,-7.18527534421923,-9.121114523676175,-9.75337794203901,-9.878815300278507
linear_6,qwc,469160,qasm simulator,2.222397476340694,-3.0338190363167277,-5.380362249972854,-7.653465385802116,-9.171532658376297,-9.552311174727835
linear_6,qwc,469160,qasm simulator,2.2539432176656153,-3.1708169679406364,-5.88628452123068,-7.978918114700717,-9.21409983296085,-9.57942430232247
linear_6,qwc,469160,qasm simulator,2.1529968454258674,-3.497088443418663,-6.702541034266024,-8.641028393829783,-9.425146473490303,-9.742536097685706
linear_6,qwc,469160,qasm simulator,2.1230283911671926,-3.1151720864117984,-6.132968775358021,-8.752771887609653,-9.632312971897633,-9.808973086977153
linear_6,qwc,469160,qasm simulator,2.112776025236593,-3.4731644858272985,-6.324760535183701,-8.36988342804037,-9.352250409286125,-9.68466543670292
linear_6,qwc,469160,qasm simulator,2.2042586750788646,-3.260048148449963,-6.046953322628337,-8.421367105379703,-9.566793589907554,-9.781090486511918
linear_6,qwc,469160,qasm simulator,2.1821766561514195,-3.5494541880494785,-6.543714932010328,-8.39608722515289,-9.28767243012381,-9.666706206469607
linear_6,qwc,469160,qasm simulator,2.3249211356466875,-2.636799762722179,-4.271399720844012,-4.276905031993052,-11.55642331719487,-10.357859010495273
linear_6,qwc,469160,qasm simulator,2.2476340694006307,-3.116641118930885,-4.883033409246959,-4.927587081050179,-11.921971018679567,-10.347262378515357
linear_6,qwc,469160,qasm simulator,2.0749211356466883,-3.656980304468468,-6.0645547956631045,-7.579103503914356,-8.395915128859894,-8.837587413484009
linear_6,qwc,469160,qasm simulator,2.2421135646687693,-2.930491781996573,-5.69877384738713,-9.02031079560744,-10.02657649814715,-10.040719010358323
linear_6,qwc,469160,qasm simulator,2.2089905362776023,-3.1042512761016865,-5.780061645576073,-8.12289038154169,-9.432618742706268,-9.71152665999362
linear_6,qwc,469160,qasm simulator,2.194006309148265,-3.487464644988343,-6.349746144373823,-8.267190490339212,-9.239119378892777,-9.627219639197431
linear_6,qwc,469160,qasm simulator,2.204258675078864,-3.3421181303713667,-6.678316877834754,-8.82581607676874,-9.601786934963338,-9.80931418157039
linear_6,qwc,469160,qasm simulator,2.2334384858044167,-3.4848791965733814,-6.5860347768448895,-8.669906317355133,-9.583065011368474,-9.79806986220092
linear_6,qwc,469160,qasm simulator,2.1301261829653,-3.6194678394949285,-6.341930122661297,-8.097893280717583,-9.043083216883161,-9.510822579822344
linear_6,qwc,469160,qasm simulator,2.147476340694006,-3.491109860920195,-6.234833518341755,-8.358827121207263,-9.385828571626448,-9.704786311537017
linear_6,qwc,469160,qasm simulator,2.1987381703470033,-3.47624105187794,-6.221314144927818,-8.339359014190453,-9.344737903915117,-9.682713510694299
linear_6,qwc,469160,qasm simulator,2.24211356466877,-3.34584175595485,-6.175635242303114,-8.487668116393705,-9.524334265275776,-9.75955512765599
linear_6,qwc,469160,qasm simulator,2.175078864353312,-3.225064891784118,-5.934317219287854,-7.645534204096675,-8.421421200952679,-8.841666375656985
linear_6,qwc,469160,qasm simulator,2.227129337539432,-2.9132025392489864,-5.513722189551601,-7.963514096275475,-9.282572141572892,-9.610963597391866
linear_6,qwc,469160,qasm simulator,2.0993690851735014,-3.8546839929552776,-6.671965364769955,-8.497099177049547,-9.340276373519933,-9.713778550542838
linear_6,qwc,469160,qasm simulator,2.229495268138801,-3.2306331605062146,-5.872912626926842,-7.966371795803209,-9.032912601631363,-9.465790894836264
linear_6,qwc,469160,qasm simulator,2.300473186119874,-2.6443006848945836,-5.270291834532708,-8.988554041931792,-10.221859945816385,X
linear_6,qwc,469160,qasm simulator,2.220820189274448,-3.4395257635824437,-5.707570524476708,-7.448747676861963,-8.530824841587952,-8.999839510704499
linear_6,qwc,469160,qasm simulator,2.146687697160883,-3.501153398814583,-6.766317042465561,-8.971024830955908,-9.671853529746958,-9.844422327718876
linear_6,qwc,469160,qasm simulator,2.1821766561514195,-3.2844798542482407,-6.22284693826413,-8.541436204513035,-9.589848700519621,-9.795384009754383
linear_6,qwc,469160,qasm simulator,2.145110410094637,-3.384125571338762,-6.2396703147099455,-8.419274319059324,-9.40318997154832,-9.710115746597864
linear_6,qwc,469160,qasm simulator,2.1182965299684544,-3.9018861034809134,-7.523698590972945,-9.273845390940037,-9.762503115473987,-9.888776558225631
linear_6,qwc,469160,qasm simulator,2.093059936908517,-3.8998822958902988,-6.917428290949854,-8.771300011474723,-9.50494204971584,-9.78686532241246
linear_6,qwc,469160,qasm simulator,2.175078864353312,-3.4129057406475805,-6.661141262517024,-8.812959519507753,-9.602715420881674,-9.809649572999177
linear_6,qwc,469160,qasm simulator,2.1593059936908516,-3.6882511169321233,-6.675343269412393,-8.4975624912408,-9.373682695175734,-9.70839829299647
linear_6,qwc,469160,qasm simulator,2.137223974763407,-3.3037950459846823,-5.699659692579043,-7.370295016248813,-8.427706231770507,-8.840122811582855
linear_6,qwc,469160,qasm simulator,2.0938485804416405,-3.786605524341207,-6.6770982519781,-8.513638729634096,-9.334468972858154,-9.70638646326542
linear_6,qwc,469160,qasm simulator,2.191640378548896,-3.083346618534065,-5.095845336167676,-6.065472392539607,-6.068235251907992,-11.45779422403726
linear_6,qwc,469160,qasm simulator,2.107255520504732,-3.6309498623578973,-6.194779817292653,-7.588021247880743,-8.225922089208886,-8.52816551339864
linear_6,qwc,469160,qasm simulator,2.187697160883281,-3.4174734047551376,-6.5787551759210325,-8.837444493744755,-9.672025019248284,-9.837795769092697
linear_6,qwc,469160,qasm simulator,2.2350157728706623,-2.4624161037687973,-2.821974781518047,-13.136287115839393,-10.421765303081543,-10.135673100132966
linear_6,qwc,469160,qasm simulator,2.2578864353312302,-2.945194472089374,-5.456646250890493,-8.033770460558685,-9.479529540817401,-9.726424510353118
linear_6,qwc,469160,qasm simulator,2.1750788643533117,-3.877958708430386,-6.870461804137088,-8.399916436080709,-9.22150415929697,-9.654071346422596
linear_6,qwc,469160,qasm simulator,2.183753943217666,-3.066950977782789,-5.434369643647761,-7.569468411564314,-8.90705651994196,-9.345144918141738
linear_6,qwc,469160,qasm simulator,2.267350157728707,-3.464563192313015,-6.27697808860726,-8.208336181847162,-9.123923531883646,-9.560035668655818
linear_6,qwc,469160,qasm simulator,2.175867507886436,-3.2635174812862005,-5.883451486761558,-7.655410852794551,-8.79498404682662,-9.261489700476815
linear_6,qwc,469160,qasm simulator,2.1995268138801265,-3.094320439528572,-5.077531573988173,-5.975239301791363,-5.97530443169961,-11.357685002754415
linear_6,cs,468747,qasm simulator,2.226950588714221,-3.4433642170101986,-7.184483480559544,-9.183499353258467,-9.72690338567315,-9.867054188946135
linear_6,cs,468747,qasm simulator,2.2014329541656075,-3.33641103555156,-5.683180096394167,-7.433127758324382,-8.271011844474781,-8.546562634742255
linear_6,cs,468747,qasm simulator,2.1715808943531716,-3.024480584324628,-5.835193577314012,-8.733511262253582,-9.753958632317975,-9.872431522851961
linear_6,cs,468747,qasm simulator,2.167011206615167,-3.4212854889660016,-5.861221320792353,-7.73243113523116,-8.876369534703203,-9.358184529980614
linear_6,cs,468747,qasm simulator,2.174517556589366,-3.235464323877977,-6.472731593656574,-9.139518903739345,-9.878594847878183,-9.938038346833846
linear_6,cs,468747,qasm simulator,2.1729947415795348,-3.50466075489942,-6.309467320379703,-8.575912297585026,-9.643600340885921,-9.826095411945483
linear_6,cs,468747,qasm simulator,2.16276025585735,-3.411551337026113,-6.587228649231772,-8.724463732446678,-9.490801531250796,-9.765765796095039
linear_6,cs,468747,qasm simulator,2.1524329930683024,-3.556303003112629,-7.397826825762175,-9.503399062651267,-9.940804469913925,-9.96483877513771
linear_6,cs,468747,qasm simulator,2.186495881906618,-3.246670004373099,-6.272303568507228,-8.84506129658769,-9.806893420498277,-9.902732478282168
linear_6,cs,468747,qasm simulator,2.1758241758241765,-3.4387229013521394,-5.8180728297341675,-6.940913406659391,-7.036696436068382,-12.00725197058885
linear_6,cs,468747,qasm simulator,2.1852760392318586,-3.420999446572476,-5.618537137139967,-6.376350541159228,-21.297376676407,-10.715972004776543
linear_6,cs,468747,qasm simulator,2.2091176150582092,-3.691855506508549,-7.99127171289458,-9.765089344373234,-9.964833839317226,-9.966750268928367
linear_6,cs,468747,qasm simulator,2.181395451116386,-3.5081669206331862,-5.922097264910782,-7.370555686889339,-8.190052362634571,-8.480130516249336
linear_6,cs,468747,qasm simulator,2.1627679251441627,-3.2110939444300652,-5.290236696372913,-6.049009406165287,-20.97185617862542,-10.859386740040769
linear_6,cs,468747,qasm simulator,2.150364486998151,-3.4975178051691245,-6.233611791388883,-8.217563226965794,-9.239883006791066,-9.623557344944846
linear_6,cs,468747,qasm simulator,2.1811561764690124,-3.7871114587365673,-7.864324874148527,-9.670545483360677,-9.955468255882185,-9.966722319072971
linear_6,cs,468747,qasm simulator,2.1627679251441636,-3.4867229047074044,-6.119435480416778,-7.657275923804318,-8.265183941357726,-8.569464430749461
linear_6,cs,468747,qasm simulator,2.1833315199651837,-3.1312540268011086,-4.908865510099375,-4.988147377774444,-11.949797249513079,-10.39607959845305
linear_6,cs,468747,qasm simulator,2.1947553132387054,-3.265965960617822,-5.675502788433757,-7.560340928525516,-8.731708946768936,-9.228072587979105
linear_6,cs,468747,qasm simulator,2.1751634099557027,-3.177407818466717,-5.055154865078402,-5.713288193732632,-17.893075702991005,-10.847982645220457
linear_6,cs,468747,qasm simulator,2.1549279966995556,-3.406954123460993,-4.530819063665166,X,-10.854482802846698,-10.137682870811853
linear_6,cs,468747,qasm simulator,2.1879161202053243,-3.1975387710942735,-5.648992892669622,-7.5271707255135,-8.571878083420241,-9.012878861850561
linear_6,cs,468747,qasm simulator,2.1465971273810425,-3.2804654509801887,-4.460555359227439,X,-11.054189718889115,-10.189073814330538
linear_6,cs,468747,qasm simulator,2.172560113154173,-2.997853267402443,-4.197917314699401,-4.2517658716707665,-11.044895284581674,-10.302586225210433
linear_6,cs,468747,qasm simulator,2.201610270917202,-3.6591728920775695,-6.145360466283985,-7.427650645547759,-8.041582860730895,-8.16284295224345
linear_6,cs,468747,qasm simulator,2.177890018947517,-3.557002835017319,-6.672711847525209,-8.807883637009425,-9.652284850027128,-9.834347320805575
linear_6,cs,468747,qasm simulator,2.179644829883442,-4.0743766316141405,-7.447623753917835,-9.19350906411501,-9.771911360206271,-9.890017210236884
linear_6,cs,468747,qasm simulator,2.1941029267761945,-3.446596967701544,-6.392937430536476,-8.606864481824203,-9.566632109740613,-9.786754007825255
linear_6,cs,468747,qasm simulator,2.166031987814166,-3.514912400153646,-5.9642257106010685,-7.447017234358922,-8.05971136442674,-8.193343635001874
linear_6,cs,468747,qasm simulator,2.1512211392339733,-3.862680765577885,-7.251255392953258,-9.04802480233643,-9.63733152663404,-9.842488975592621
linear_6,cs,468747,qasm simulator,2.1814942286900614,-3.3221739964949637,-6.417239363628612,-8.488243947207794,-9.396586906060836,-9.702619813794453
linear_6,cs,468747,qasm simulator,2.151670112066151,-3.4102749186545687,-6.747523833326035,-8.415325021013542,-9.110844744514328,-9.601270527097986
linear_6,cs,468747,qasm simulator,2.185099255069627,-3.2393693798228136,-5.685616212867146,-7.961642355264891,-9.173515035359408,-9.550896539275591
linear_6,cs,468747,qasm simulator,2.1652845519035147,-3.589356642299861,-5.76357433065703,-6.214408588988571,-14.216383722089253,-10.41246066063994
linear_6,cs,468747,qasm simulator,2.2102949926078375,-3.046437137877932,-5.176215846716078,-7.687874683924935,-9.396351318195261,-9.696378996789946
linear_6,cs,468747,qasm simulator,2.204221521053204,-3.4867894213628383,-5.77478673513531,-6.508136644009584,-18.448537621068933,-10.549517550077832
linear_6,cs,468747,qasm simulator,2.1875759376268262,-3.0310281625434943,-4.412074132779579,-4.412194935211849,-11.455326718119323,-10.298774993632229
linear_6,cs,468747,qasm simulator,2.16113198815384,-3.9543349028468473,-6.54438775527787,-7.920282470812861,-8.613570386668304,-9.218204804497024
linear_6,cs,468747,qasm simulator,2.1608082803396074,-3.547151309399217,-6.42756138053686,-8.319440353186614,-9.181852558011414,-9.613118215068022
linear_6,cs,468747,qasm simulator,2.2006310521162007,-3.2546438627746532,-5.937540342340585,-7.360246799491414,-7.947006553575938,-8.00892544764676
linear_6,cs,468747,qasm simulator,2.181373082363181,-3.2262791304380394,-6.118006561646538,-8.329181798349541,-9.303646418233566,-9.64407388340129
linear_6,cs,468747,qasm simulator,2.175497485509516,-3.0057314639640484,-5.195521383475899,-7.1987515499240695,-8.560977863265522,-8.981676108164825
linear_6,cs,468747,qasm simulator,2.144815580459145,-3.9171219771407975,-7.655617752547274,-9.148804480957967,-9.637162307925017,-9.858375239471801
linear_6,cs,468747,qasm simulator,2.19944586325593,-3.4084209834500596,-5.329371703040723,-5.981427873880024,-18.114554901897655,-10.753252862248063
linear_6,cs,468747,qasm simulator,2.1839738227357737,-3.51608568459587,-6.502544894858885,-8.840987600533012,-9.740570404760696,-9.876336447216843
linear_6,cs,468747,qasm simulator,2.1826758669545856,-3.0560008885899204,-4.528971394028306,-4.865918737629807,-14.077198689365462,-10.754105803102648
linear_6,cs,468747,qasm simulator,2.163869000391193,-3.272714450798756,-5.26539369586912,-6.1300997708558675,X,-11.197125175540915
linear_6,cs,468747,qasm simulator,2.1564451307561923,-3.456411409534615,-5.638754352894774,-6.2908706288910725,-19.990433345886782,-10.74575346365209
linear_6,cs,468747,qasm simulator,2.1549587448587224,-3.7262743645598873,-6.291604114650092,-7.503276528250222,-7.914541412005671,-7.939665999526708
linear_6,cs,468747,qasm simulator,2.150241991444887,-3.7830285234616943,-8.361475000669543,-9.908622925913038,-10.054496003906136,-13.502444632658513
linear_6,cs,468747,qasm simulator,2.200436372951405,-3.435756418789461,-6.931938074577398,-9.205924447062008,-9.829371486512667,-9.91093066707353
linear_6,cs,468747,qasm simulator,2.1672427409638138,-3.4070449014382684,-5.613134802160891,-7.50016454563602,-8.971269189617107,-9.42144030662356
linear_6,cs,468747,qasm simulator,2.1591717752539643,-3.289985115592732,-4.996199800722783,-5.813955773904565,-5.825475593631373,-11.88020632582279
linear_6,cs,468747,qasm simulator,2.206498624623479,-3.6351286329973944,-6.273242075427298,-7.130365429874575,-7.131864867311364,-11.07006915149326
linear_6,cs,468747,qasm simulator,2.1712544880861717,-3.4365170603489297,-6.136978851187107,-8.157390432987311,-9.21916066705657,-9.607489834601171
linear_6,cs,468747,qasm simulator,2.15940948763921,-3.5106542308300286,-5.904457463638506,-7.36187115473089,-8.20504313600296,-8.525044645142906
linear_6,cs,468747,qasm simulator,2.196172249483368,-2.8943165125341404,-5.039944832398378,-8.666170106906291,-10.364817643491765,X
linear_6,cs,468747,qasm simulator,2.1788439575068015,-3.273862996285058,-4.75699330438222,-4.76168646908454,-11.608147966631567,-10.288772904578426
linear_6,cs,468747,qasm simulator,2.157219018605158,-3.809961372412981,-7.560117156173993,-9.361186409128358,-9.80595177973308,-9.902028724726982
linear_6,cs,468747,qasm simulator,2.180176425078648,-3.5533300505154926,-6.023439623384294,-7.739089513495932,-8.799793784171662,-9.291339248079655
linear_6,cs,468747,qasm simulator,2.157969756569854,-3.5802009264003263,-7.201868943673592,-9.069377992900884,-9.608109615836716,-9.834673883370177
linear_6,cs,468747,qasm simulator,2.1627679251441627,-3.823158916051982,-7.8593383417814895,-9.654379962616728,-9.969320429271036,-9.978455380587905
linear_6,cs,468747,qasm simulator,2.144815580459145,-3.593253825284742,-7.1353193678765905,-9.161659203649348,-9.70601617813846,-9.859906636195984
linear_6,cs,468747,qasm simulator,2.1732129256881736,-3.49741631386983,-6.7091678305800855,-8.528675148115845,-9.30228997477084,-9.688253684481499
linear_6,cs,468747,qasm simulator,2.1823523011641823,-3.4599251749370037,-6.062376331814631,-7.585317920895837,-8.527290514152607,-8.996172742577862
linear_6,cs,468747,qasm simulator,2.1869199295566535,-3.678235582653956,-7.7626970734051834,-9.551946306988153,-9.87487170987889,-9.926425367387683
linear_6,cs,468747,qasm simulator,2.2117256696580405,-3.3313607766635815,-7.091898257173179,-9.274004347358808,-9.837916232673946,-9.916323448728019
linear_6,cs,468747,qasm simulator,2.1911652703731916,-3.4622039805647393,-5.865263621097494,-7.056255616106901,-7.122408840457122,-11.50632555439747
linear_6,cs,468747,qasm simulator,2.1849635513001857,-3.865689227868185,-6.922492109789963,-8.467161588642607,-9.251197270765168,-9.681706469293163
linear_6,cs,468747,qasm simulator,2.2182567064865584,-3.6205156028877754,-6.186312844485123,-7.859723306204437,-8.801788189956836,-9.308193973424686
linear_6,cs,468747,qasm simulator,2.1702693042843157,-3.547998341263572,-7.4141346961981185,-9.589474285974465,-10.008159829849932,-10.01003689061757
linear_6,cs,468747,qasm simulator,2.158548148617002,-3.64462230200978,-6.650860790667426,-8.343048379101461,-9.171654765871931,-9.614477930178742
linear_6,cs,468747,qasm simulator,2.1957349581111956,-3.2785693788293173,-5.789145718941281,-6.94669501439711,-7.05367549752798,-11.880413471699597
linear_6,cs,468747,qasm simulator,2.178435425960178,-3.2396959183229965,-5.945018423180818,-8.08581232861207,-9.003734512777385,-9.468832285218198
linear_6,cs,468747,qasm simulator,2.201610270917202,-3.4033939351205356,-5.156529736407815,-5.601216632373697,-15.113614265859834,-10.767660360389202
linear_6,cs,468747,qasm simulator,2.1720275948040726,-3.5276125689886624,-6.987298095075518,-9.010636093284898,-9.62162003765538,-9.831065460469928
linear_6,cs,468747,qasm simulator,2.168969644217169,-3.3918122541746287,-5.714251346265206,-6.784825280285886,-6.7893776187241395,-10.994434557301801
linear_6,cs,468747,qasm simulator,2.1821464731287423,-3.6619450199020767,-7.344624340945668,-9.28312323213909,-9.84362587758308,-9.916935551442752
linear_6,cs,468747,qasm simulator,2.1954085518441957,-3.555300216232853,-6.238467039299576,-8.157389726138348,-9.03966014924395,-9.527125169182103
linear_6,cs,468747,qasm simulator,2.1973657822436437,-3.563533470242076,-7.677075348583547,-9.64152429104167,-9.966440396059731,-9.975196360721323
linear_6,cs,468747,qasm simulator,2.172233706887172,-3.2488553381307703,-6.03667048827891,-7.800682202703856,-8.71406709955921,-9.198757648158649
linear_6,cs,468747,qasm simulator,2.1986726145141984,-3.1117521397275967,-5.701619371334031,-8.424107929953779,-9.70225088787528,-9.857190563098765
linear_6,cs,468747,qasm simulator,2.2104232401262105,-3.5504228638495356,-7.899084183176512,-9.970345634200571,-10.159056864768262,-10.467198341399792
linear_6,cs,468747,qasm simulator,2.1696224567511697,-3.315471672491635,-5.07287078878475,-5.3505885105376185,-13.274898062444226,-10.401587339773613
linear_6,cs,468747,qasm simulator,2.174518550756175,-2.879563831794304,-3.171550484585925,-13.148209865174092,-10.50346552001979,-10.1227100200295
linear_6,cs,468747,qasm simulator,2.206506364922207,-3.0048728734023062,-5.725468806899671,-8.137019435902818,-9.197375802150319,-9.552079054349818
linear_6,cs,468747,qasm simulator,2.198346208247199,-3.556218642375741,-6.89328338834966,-8.90712504118096,-9.612621411088995,-9.819460317902752
linear_6,cs,468747,qasm simulator,2.1480135665423004,-3.847848735916716,-7.33014475079421,-9.108011068976257,-9.707910133166724,-9.862887749773924
linear_6,cs,468747,qasm simulator,2.1973693328393904,-3.4559824272630144,-6.147107547273157,-7.416202258462398,-7.667223497600116,-15.344579710945387
linear_6,cs,468747,qasm simulator,2.1578718311391576,-3.4633107516846984,-5.94955150806943,-8.0119951184198,-9.157173592143941,-9.56188592700691
linear_6,cs,468747,qasm simulator,2.199434110784008,-3.8005219445766625,-7.612219853104717,-9.326739642392099,-9.81257674222293,-9.901581164973294
linear_6,cs,468747,qasm simulator,2.1727095577291538,-3.449277281989755,-6.12679546314782,-7.912731801273765,-9.06138411643791,-9.497640645435233
linear_6,cs,468747,qasm simulator,2.1430766051802506,-3.564850015872875,-6.2212891996723165,-8.207684091138603,-9.238795050030115,-9.621691272796468
linear_6,cs,468747,qasm simulator,2.1709280818191714,-3.647783704235269,-7.414250389044307,-9.117519437978785,-9.629923275346755,-9.848403923976925
linear_6,cs,468747,qasm simulator,2.1888804265041895,-3.4336143809714166,-6.772217652746294,-9.242587061477415,-9.901514679638971,-9.948037537584181
linear_6,cs,468747,qasm simulator,2.167337612882168,-3.3779594918020286,-5.6595073045330455,-6.59357527211054,-6.593675406277463,-11.158953299107381
linear_6,cs,468747,qasm simulator,2.1438363616581437,-3.381658182431483,-6.109846373727437,-8.465610009334762,-9.549936061238022,-9.7812679535548
linear_6,cs,468747,qasm simulator,2.145466830731017,-3.431476742985713,-6.515788720132145,-9.013695170511397,-9.795989279664948,-9.894523349411216
linear_6,cs,468747,qasm simulator,2.1852899575671856,-3.6981863953339604,-6.373523702639616,-7.978305023134208,-8.76124663449281,-9.32387618220636
linear_6,cs,468747,qasm simulator,2.1841885272605808,-3.1316960737894632,-4.275424720737847,X,-11.132977861483113,-10.27858831303914
