system,method,shots,computer,Moment 0,Moment 1,Moment 2,Moment 3,Moment 4,Moment 5,Moment 6,Moment 7,Moment 8,Moment 9,Moment 10,Moment 11,PDS 1,PDS 2,PDS 3,PDS 4,PDS 5,PDS 6
linear_4,mix,471600,qasm simulator,1.0,2.1692954784437433,13.389064143007365,25.93375394321769,303.56151419558375,-189.75342004527295,11842.03471527963,-58194.94605281117,754696.2735719685,-6028480.3534889845,62117926.19556233,-572439033.0766708,2.1692954784437433,-3.947217920342535,-7.138585834183097,-8.883376281539995,-9.580625180958062,-9.816872326526925
linear_4,mix,471600,qasm simulator,1.0,2.1393270241850684,12.97581493165088,29.250788643533213,257.7970557308094,204.60554096543382,7763.076864902382,-20979.907494314964,391660.56628145336,-2601756.292461122,28951418.391177572,-253207353.0296516,2.1393270241850684,-3.461414648402463,-6.025770846929573,-8.334621261369682,-9.491943126570877,-9.751596012936062
linear_4,mix,471600,qasm simulator,1.0,2.2486855941114614,12.45636172450051,32.2781282860147,241.4858044164041,301.34147358497546,7096.253127955067,-15700.267663111545,342947.84056249436,-2121478.1830346673,23991753.62710279,-201655250.4565215,2.2486855941114614,-3.064636773579873,-6.1197173653756245,-8.281791365936899,-9.232567773270368,-9.598318460908963
linear_4,mix,471600,qasm simulator,1.0,2.155625657202944,12.948475289169293,27.55415352260777,267.71924290220824,89.01666381770906,8355.071200366978,-24611.592125823685,391372.001218433,-2364421.5641933503,24225323.198063537,-188612573.77550313,2.155625657202944,-3.63291004735606,-6.3452333339070535,-7.809839072256668,-8.565354903111704,-9.078279982037179
linear_4,mix,471600,qasm simulator,0.9999999999999999,2.1219768664563614,13.123028391167205,26.6046267087276,285.919032597266,-103.22879209336112,10869.776970860601,-52418.00761621601,705040.1146265543,-5724441.753700343,59988105.56071579,-561728150.0708841,2.121976866456362,-3.7372878630379955,-7.012517705038528,-9.049139089781045,-9.7239607696273,-9.866695290881474
linear_4,mix,471600,qasm simulator,1.0,2.2828601472134595,12.602523659305998,35.442691903259714,225.69400630914808,574.2558934593092,4989.017228429489,7011.974970603694,145077.34859972526,-199789.78531456724,6381390.968561315,-33831615.19156694,2.2828601472134595,-2.8265809487368534,-4.663465115651121,-6.422788924019098,-8.876025990131627,-9.387431530733487
linear_4,mix,471600,qasm simulator,1.0,2.153522607781283,12.791798107255527,30.746582544689755,253.14300736067335,266.0606154786514,7478.172851208972,-16643.339076143297,352593.18405999494,-2111066.23532858,23730816.235738937,-194535946.83395895,2.153522607781283,-3.265822684586035,-6.003230662557499,-8.100553426508597,-9.080923122029672,-9.520250449792789
linear_4,mix,471600,qasm simulator,1.0,2.2060988433228177,12.252365930599366,33.778128286014734,219.84121976866464,537.4433342139188,4710.437811838685,9195.075992948296,96671.3982038317,368147.97145630367,-687274.8642313918,44985622.18044061,2.2060988433228177,-2.77507150217475,-4.713848139602633,-5.398989510378372,-16.1485100866461,-10.847268153968031
linear_4,mix,471600,qasm simulator,1.0,2.2266035751840167,12.415352260778128,31.39379600420609,235.78864353312287,318.77300275053915,6630.491542046295,-12735.63478164034,312787.3028103382,-1912477.8002491696,22335133.403060388,-190879289.8394367,2.2266035751840167,-3.1189086231412424,-5.816878921380456,-8.243408608932935,-9.4518715845383,-9.720336887106885
linear_4,mix,471600,qasm simulator,1.0,2.2092534174553102,12.719242902208203,31.639327024185086,248.4006309148268,305.2770120122449,7113.437777881383,-13413.2846472214,320349.94221678976,-1807573.2337458418,20720843.868734077,-165360464.42641982,2.2092534174553102,-3.2053668156813604,-5.926355822236484,-7.967878279521487,-8.983202106149173,-9.428503733263199
linear_4,mix,471600,qasm simulator,1.0,2.1235541535226075,12.731861198738171,29.12670872765512,253.83491062039943,202.56407566834005,7621.311751464951,-19284.039982975286,363735.86403330776,-2240036.1531286575,24516055.258253347,-202065410.33955747,2.1235541535226075,-3.3669453441398582,-6.085222083662083,-8.044135555952035,-9.059267300187997,-9.503942425883313
linear_4,mix,471600,qasm simulator,1.0,2.1519453207150367,12.822292323869622,27.13722397476341,276.9221871713983,-51.3623642212241,10288.506769298203,-46725.495317348126,643902.4124296324,-5075761.189693155,53132939.625308394,-489827393.7292964,2.1519453207150367,-3.6254183502399098,-6.954993760674686,-8.926547088172773,-9.603079945063492,-9.819464873104359
linear_4,mix,471600,qasm simulator,1.0,2.229232386961093,13.01787592008413,30.800210304942144,256.1272344900104,276.19867083132505,7370.642720450393,-15586.964966442694,345701.91744523717,-2100984.7860616324,24111935.906991642,-203463549.84688377,2.229232386961093,-3.4301595606015765,-5.876114206145386,-8.136835654591161,-9.36108232325498,-9.672485660666176
linear_4,mix,471600,qasm simulator,1.0,2.2334384858044163,12.83806519453207,32.189274447949465,253.91692954784412,280.46983988852696,7634.622003629407,-18345.71269029766,377588.92878179235,-2392374.0809207815,26873125.82805245,-228213600.80233777,2.2334384858044163,-3.223896378818631,-6.149520586309643,-8.337288332154502,-9.287322505728856,-9.643698895563102
linear_4,mix,471600,qasm simulator,1.0,2.1971608832807568,13.009463722397467,31.42744479495268,253.6288117770767,320.24932272484983,6946.029435785318,-9797.11532843312,278676.3107937549,-1311578.4593289697,15331089.408290375,-107321156.6710093,2.1971608832807568,-3.3299500918650238,-5.741502531423882,-7.509684543653007,-8.344478194923054,-8.699007910011463
linear_4,mix,471600,qasm simulator,1.0,2.1198738170347005,12.672975814931652,30.110410094637245,245.20399579390124,268.2925517862954,7152.861864646279,-16753.383839325656,353897.68759701774,-2290051.7760568922,26108206.8560701,-227496270.51822832,2.1198738170347005,-3.2470730368508383,-5.87544398171452,-8.363158871104286,-9.515416840191136,-9.751346909054284
linear_4,mix,471600,qasm simulator,0.9999999999999999,2.0835962145110405,12.919032597266039,26.344374342797074,274.4868559411148,-34.62103930009038,9862.2825372652,-42836.561149010784,599020.347785323,-4645146.795257433,48740698.59684451,-446998528.02927405,2.083596214511041,-3.6472331897435675,-6.744422568035711,-8.818636798590411,-9.591140939228813,-9.809006069951174
linear_4,mix,471600,qasm simulator,1.0,2.2245005257623554,12.980021030494216,29.651419558359635,274.37329127234534,71.14618524446675,9484.851313715211,-35875.97800862985,538789.441803834,-3913724.1060235584,41192052.069314174,-364761833.5540886,2.2245005257623554,-3.5247088558613413,-6.768137298111857,-8.62396606937839,-9.360223235460884,-9.718434299248154
linear_4,mix,471600,qasm simulator,1.0,2.1461619348054675,12.702418506834901,30.794952681388025,249.00630914826533,267.0426514998481,7343.7449969121735,-16824.46506054457,351551.12204248115,-2159886.273317558,24239406.09371635,-202226137.23453104,2.1461619348054675,-3.2188467011764685,-6.015040269942164,-8.179313189776792,-9.177422336548428,-9.57715187084207
linear_4,mix,471600,qasm simulator,1.0,2.263406940063091,12.79284963196635,34.12460567823346,238.08727655099915,465.31695182152373,5979.502206935684,-1821.325086030006,223592.95248973137,-897547.7256173666,12585319.913095767,-89403148.56365672,2.263406940063091,-3.0365860591663014,-5.270312907348248,-7.5015076031234145,-8.84341649348417,-9.268790720338036
linear_4,mix,471600,qasm simulator,1.0,2.2113564668769716,12.65930599369086,33.18717139852788,242.62355415352275,381.7619462013023,6763.789838369102,-10662.910273344676,312629.7811119242,-1826243.2839082049,21995951.00541128,-185303458.57109085,2.2113564668769716,-3.026295331234325,-5.7410237579127505,-8.251978999308479,-9.44476009996075,-9.700501618507637
linear_4,mix,471600,qasm simulator,1.0,2.2024185068349107,12.842271293375394,30.41692954784436,257.0883280757096,229.52929765401183,7760.317860322771,-19904.313436379256,384942.9188996456,-2483385.346833666,27712982.86491897,-238137357.07683998,2.2024185068349107,-3.36973684257048,-6.126433717451417,-8.250741989672514,-9.386376505881259,-9.691993308225738
linear_4,mix,471600,qasm simulator,1.0,2.211882229232387,12.553101997896963,32.11619348054677,239.21030494216566,344.92256789586185,6591.650944444187,-9778.553025162264,278738.95619510347,-1420992.2827257551,16552172.198590066,-123142484.9332161,2.211882229232387,-3.0891497480766157,-5.771638819042543,-7.834068750376755,-8.597685187310653,-9.02322119278759
linear_4,mix,471600,qasm simulator,1.0,2.1167192429022084,13.079915878023149,26.864353312302818,277.59726603575166,8.488658554904433,9461.81463409303,-36013.054815689604,523831.0982355449,-3768853.8764593857,39387829.93659719,-347192984.9003937,2.1167192429022084,-3.6926037450577334,-6.584905793227415,-8.429543269519542,-9.361447560158314,-9.697779090812343
linear_4,mix,471600,qasm simulator,1.0,2.143007360672976,13.171398527865389,27.148264984227133,277.6288117770769,35.18829544218543,9175.605243695301,-32194.600159886813,481130.3890601126,-3291464.503496744,34263736.20982028,-292910470.52558774,2.143007360672976,-3.7295333192071465,-6.479194408982539,-8.229918945838692,-9.163753870937072,-9.597030636611658
linear_4,mix,471600,qasm simulator,1.0,2.1593059936908516,12.972660357518407,30.191903259726587,262.8212407991584,197.74135859064637,8265.642387784146,-24210.668913890742,432863.5580655202,-2932604.3248984003,32230727.81134685,-281606686.2057531,2.1593059936908516,-3.3935230113146577,-6.2444822148532975,-8.458952196019833,-9.421249719115353,-9.716392367904795
linear_4,mix,471600,qasm simulator,1.0,2.10410094637224,12.453207150368032,30.144058885383842,246.3375394321765,207.03839360175482,8014.0385288553625,-27269.864822958738,473363.1562069607,-3581980.997884284,39815114.43977276,-370139881.1748333,2.10410094637224,-3.1427198953322533,-6.333785568292412,-9.065297555881553,-9.844543039939188,-9.915230268975073
linear_4,mix,471600,qasm simulator,0.9999999999999999,2.2250262881177707,12.631966351209241,30.936908517350144,250.9263932702416,233.77187611692227,7848.573925870649,-23197.560450584344,430319.7116215058,-3062483.03016387,34358937.54963028,-311881457.07673144,2.225026288117771,-3.2575590055894166,-6.236435484393255,-8.743419990461035,-9.735456864545053,-9.865496884704521
linear_4,mix,471600,qasm simulator,1.0,2.164563617245005,12.80441640378548,29.892218717139876,258.17770767613047,178.17101780340036,8174.725721836892,-24751.822132609585,426756.5593587709,-2879351.3476682156,31144491.678710528,-268893149.9666442,2.164563617245005,-3.3648632156140073,-6.326610690183289,-8.413488622734176,-9.280565802535353,-9.660672577903906
linear_4,mix,471600,qasm simulator,1.0,2.1603575184016828,13.083070452155619,29.905888538380665,261.96109358569936,226.68587123743492,7724.246285850109,-17744.32125806546,355081.05408071494,-2085544.4324595314,23060970.305703074,-185437099.44476816,2.1603575184016828,-3.462114742517557,-6.008138128837586,-7.92830753499312,-8.955650941633447,-9.43095326631957
linear_4,mix,471600,qasm simulator,0.9999999999999999,2.298107255520504,12.829652996845427,32.74185068349102,257.1177707676132,247.78833014767977,8206.387866429292,-25179.400362421937,458792.4580509571,-3299356.4004378263,36752324.29778769,-333467444.2196706,2.2981072555205047,-3.2315634033146137,-6.438875543272797,-8.839062956025195,-9.692729211216026,-9.83796896337076
linear_4,mix,471600,qasm simulator,1.0,2.131966351209254,12.509989484752884,30.59043112513144,237.24815983175606,343.63379227466,6215.6447601895925,-6169.012316997611,235199.69487078185,-996850.6020243682,12303270.488476643,-82235515.27804805,2.131966351209254,-3.1482553913520626,-5.531343087585846,-7.306285530204173,-8.247825969729181,-8.57204602379211
linear_4,mix,471600,qasm simulator,1.0,2.1261829652996846,12.7434279705573,30.329127234490013,247.03995793901217,288.9748203861123,7064.594985142241,-14327.283145043399,331511.4855880117,-2005540.8667084489,23211262.12206145,-195993922.0835657,2.1261829652996846,-3.2596062386953912,-5.787087693036564,-8.146501289619694,-9.367722561005248,-9.680607518052087
linear_4,mix,471600,qasm simulator,1.0,2.2476340694006307,12.446898002103053,32.81125131440589,233.35751840168265,376.0858650215228,6370.333270023151,-9175.189218332096,284283.10424656013,-1587521.6692085818,19157472.836624112,-156974395.9110391,2.2476340694006307,-3.0023707198075464,-5.688124169292628,-8.116709540339066,-9.261709111317614,-9.594838468357292
linear_4,mix,471600,qasm simulator,1.0,2.20136698212408,12.696109358569924,31.01209253417451,251.25657202944257,263.9018430172017,7457.936184479003,-17531.227206172953,364644.2531837836,-2310406.479222168,26224892.660027217,-225169067.56618106,2.20136698212408,-3.250922016017344,-6.072347653494731,-8.220048159997152,-9.44496893548648,-9.719874985303477
linear_4,mix,471600,qasm simulator,1.0,2.1876971608832805,12.450052576235537,33.32860147213455,223.01682439537362,515.6790492766253,5030.328655861368,4810.905525943659,152582.05642376962,-301694.5387285667,6929400.039167075,-38940675.76164981,2.1876971608832805,-2.8994181502204963,-4.749378210755795,-6.583640335147435,-8.647919118258503,-9.191482960001018
linear_4,mix,471600,qasm simulator,1.0,2.1414300736067293,12.503680336487918,31.24868559411143,234.07676130389066,361.47561291458703,6298.167041635718,-9090.591634594579,283805.08746705914,-1645894.3092256822,20137467.41790371,-171655671.06994104,2.1414300736067293,-3.090043947923181,-5.499616131216084,-8.154268673256459,-9.588127264553858,-9.797594970281438
linear_4,mix,471600,qasm simulator,1.0,2.217665615141956,12.472134595162986,32.590956887486875,230.25762355415338,420.0237085152776,5812.916705659999,-3131.085777826085,220569.61649391518,-938387.4028818536,12587000.956977807,-91174277.81606369,2.217665615141956,-3.009847909535279,-5.329777546234947,-7.480494045897713,-8.842746375787518,-9.29092196268548
linear_4,mix,471600,qasm simulator,1.0,2.203470031545741,13.255520504731848,29.027865404837023,284.026288117771,39.311165845647004,9928.095179389438,-39211.3256540951,580290.9527924692,-4349395.544754543,46161857.504737034,-418425107.0341643,2.203470031545741,-3.6580478396380056,-6.735454638950802,-8.722472107185911,-9.564818089004909,-9.795828840023724
linear_4,mix,471600,qasm simulator,1.0,2.1587802313354363,12.535226077812826,30.956887486855944,237.1261829652991,356.61096693654247,6114.888270175648,-4569.477083149961,216524.75851651543,-766217.4003137959,9679454.794451455,-52805675.75710088,2.1587802313354363,-3.1479708977686793,-5.503077891009115,-7.088383242766209,-7.571487070656271,-18.582375898457897
linear_4,mix,471600,qasm simulator,0.9999999999999999,2.188748685594111,12.969505783385909,29.655625657202933,267.34069400630887,134.18525741635898,8788.875510870064,-29934.021654675013,486503.2477604019,-3485376.240435688,37704335.60375992,-337175461.8197837,2.1887486855941116,-3.4771625380074753,-6.469062698178975,-8.597721955065825,-9.533181957340283,-9.774997323313407
linear_4,mix,471600,qasm simulator,1.0,2.124605678233439,13.208201892744475,27.082544689800237,281.19768664563634,19.067320891153926,9599.395044078257,-36724.94567899293,542498.8315983473,-3978968.3226509006,42115938.70444275,-377727043.9731335,2.124605678233439,-3.7238707515838114,-6.541837999376611,-8.559444213300804,-9.50845393951021,-9.76894446397805
linear_4,mix,471600,qasm simulator,1.0,2.1572029442691907,12.57623554153523,30.640904311251376,245.27549947423776,288.9934603450864,7080.155939905966,-15085.184242151221,341291.25169023726,-2140026.045760332,24776694.279774643,-214024513.50857177,2.1572029442691907,-3.194424716719924,-5.886022158146096,-8.23497696440254,-9.531091921480133,-9.760347340575837
linear_4,mix,471600,qasm simulator,1.0,2.2239747634069396,12.680336487907462,32.49211356466881,247.48580441640357,321.2079532563587,7333.198619032087,-16642.354783401486,372627.64803275035,-2434939.681533061,28132615.939172056,-247070029.57067096,2.2239747634069396,-3.117177474892699,-6.000124640136123,-8.564825652181415,-9.584090780458837,-9.784853598133894
linear_4,mix,471600,qasm simulator,1.0,2.2381703470031544,13.236593059936915,28.802839116719248,293.24605678233473,-66.55581886839417,11221.96785684069,-52844.76413989949,727406.7930873325,-5871843.599100605,61958828.9921489,-579974717.2751085,2.2381703470031544,-3.719202821812665,-7.14775310990681,-9.068882123697305,-9.753451226249668,-9.87632107159448
linear_4,mix,471600,qasm simulator,1.0,2.0993690851735014,13.311251314405897,26.247634069400664,284.8191377497364,-21.73131989660783,9586.242194285152,-35080.27068991424,496898.84533320373,-3350823.39245612,33937975.92153273,-282569295.73779714,2.0993690851735014,-3.799461485730988,-6.567609211786682,-8.123525261194334,-8.9172611474994,-9.465253415023513
linear_4,mix,471600,qasm simulator,1.0,2.244479495268139,12.954784437434286,29.510515247108266,271.17245005257575,118.89679777056146,8674.081792161865,-26019.01562696942,421758.0021565751,-2620633.1841563964,27196444.34541569,-216934516.00771207,2.244479495268139,-3.554862329758278,-6.52043844753358,-7.991695101518548,-8.721389062365155,-9.26762620609585
linear_4,mix,471600,qasm simulator,1.0,2.221871713985278,13.321766561514197,27.844374342797032,295.2923238696111,-106.67119910076705,11383.859648789572,-55053.175991394644,741269.5564183021,-6009216.882627507,62955236.17123864,-588452617.6582519,2.221871713985278,-3.8191724459886194,-7.127652059039839,-9.070603953742271,-9.710298990650287,-9.861686134911006
linear_4,mix,471600,qasm simulator,1.0,2.1577287066246056,12.697160883280755,29.447949526813822,256.953732912723,173.3565497557659,8134.509459981322,-24904.04685587221,430469.2024015282,-2962403.235012605,32348143.18633799,-284598133.2972563,2.1577287066246056,-3.3600408096609344,-6.307071780001152,-8.45045223753579,-9.451871028445645,-9.733635998483074
linear_4,mix,471600,qasm simulator,0.9999999999999999,2.268664563617245,12.912723449001053,31.248685594111482,260.3711882229231,226.37070907989175,7995.848717421881,-21124.020544444593,398592.8795057429,-2564107.9438378103,28334338.07717969,-241231249.01912722,2.2686645636172456,-3.389543953991389,-6.26199922611349,-8.25672650852713,-9.298472584218048,-9.648759956887348
linear_4,mix,471600,qasm simulator,1.0,2.177707676130389,12.746582544689817,30.77602523659307,251.5299684542585,269.98991468664224,7318.590646092036,-15520.105908740066,337108.4578713878,-1974914.5636983938,22261710.860703193,-180631091.71851912,2.177707676130389,-3.2699730876272532,-5.98627027849484,-7.996521986512441,-9.041942964522972,-9.477670184599383
linear_4,mix,471600,qasm simulator,1.0,2.118296529968454,13.037854889589918,27.910094637223953,268.17139852786516,128.12806586792294,8226.072465419655,-22596.715288029678,383244.3068777314,-2301074.7666487005,24211888.670487653,-191424877.47486436,2.118296529968454,-3.583727094898751,-6.211302166037195,-7.833735829806387,-8.730282710487648,-9.246519088403353
linear_4,mix,471600,qasm simulator,1.0,2.076235541535226,13.0347003154574,27.570452155625638,270.7013669821247,79.13452523400241,8903.500967207052,-30885.19816233562,480961.67759170337,-3379175.6065516374,35929653.90263235,-315227468.03812784,2.076235541535226,-3.564639295281107,-6.403524072963613,-8.415265828883912,-9.36669508723783,-9.701976971113833
linear_4,mix,471600,qasm simulator,1.0,2.1729758149316507,12.567823343848584,30.979495268138802,243.9674027339642,276.7909822691183,7276.4629966324965,-18201.675823910213,375879.1195054667,-2530600.463912034,28858240.02476466,-256714127.43258676,2.1729758149316507,-3.1729040574493848,-6.00238916434885,-8.562376601063502,-9.642210956513463,-9.822263470752834
linear_4,mix,471600,qasm simulator,1.0,2.158254468980021,13.289169295478443,26.087802313354345,301.9779179810726,-188.08062293774313,11871.26381298858,-59162.45672863593,767327.0587967472,-6191730.461964385,63951100.07323837,-592848752.3919289,2.158254468980021,-3.8865946256070374,-7.189961117848848,-8.94561895630157,-9.618398867614292,-9.83161986198108
linear_4,mix,471600,qasm simulator,1.0,2.169821240799158,13.135646687697161,29.774447949526802,268.9810725552044,179.31085505016682,8380.609931527159,-23716.52097696843,421711.2721589983,-2749888.6495956443,30022700.629687686,-256059656.22819632,2.169821240799158,-3.5041340737958815,-6.2310166486359435,-8.234791431456703,-9.281061916494426,-9.646490057102067
linear_4,mix,471600,qasm simulator,1.0,2.1934805467928493,12.886435331230288,31.70557308096742,258.36277602523705,268.34058004796566,7709.729192961952,-17056.601851995554,356346.78665041266,-2058969.228414524,22803466.21803269,-180111500.62716883,2.1934805467928493,-3.2507777308066044,-6.149731020890628,-8.00510907905813,-8.816113093268513,-9.342486806565363
linear_4,mix,471600,qasm simulator,1.0,2.1756046267087275,12.94111461619349,29.11041009463722,272.41535226077804,88.41421267734883,8999.234819799047,-29799.321502385363,461343.65199021477,-3033726.645441074,31420022.901336316,-259880309.33202177,2.1756046267087275,-3.504253801456586,-6.619810787949376,-8.178829146908198,-8.915157508880279,-9.468291659250129
linear_4,mix,471600,qasm simulator,1.0,2.2539432176656153,13.064143007360668,32.16876971608838,262.4027339642485,260.05913661015427,8094.375164678409,-22110.784709380063,427974.0539926561,-2938104.005602079,33136526.40692463,-296084223.6155107,2.2539432176656153,-3.3401007987143356,-6.209842977053821,-8.608857062225411,-9.657842705758775,-9.827878272912672
linear_4,mix,471600,qasm simulator,1.0,2.1871713985278656,12.568874868559408,31.10725552050478,242.9263932702413,311.0948910402859,6685.907086539844,-10078.184476110753,274687.68526604824,-1358018.0776861848,15781883.142263815,-115208753.04093738,2.1871713985278656,-3.174558721522721,-5.8210359921067525,-7.571082679858845,-8.552378624246,-8.986837216234163
linear_4,mix,471600,qasm simulator,1.0,2.1708727655099898,12.876971608832797,30.494742376445885,251.84542586750814,262.3910195645778,7240.243415020726,-15439.3132378155,333145.5527394022,-1979906.9569211435,22404112.828777697,-184931266.74454466,2.1708727655099898,-3.340937685753644,-5.928469400533747,-7.977225682291809,-9.194304319647207,-9.578639567357193
linear_4,mix,471600,qasm simulator,1.0,2.251840168243953,12.934805467928499,32.88801261829654,251.43112513144044,356.4597416253554,6980.275536884801,-10711.598751810949,305256.85496671306,-1661107.502920303,19798234.559738662,-158626532.84479415,2.251840168243953,-3.2126995008953174,-5.790575398082455,-7.925336660397875,-9.135053699016417,-9.527836144516922
linear_4,mix,471600,qasm simulator,1.0,2.228706624605678,12.793901156677178,31.311777076761306,251.74237644584642,281.89058186094195,7160.3902883318715,-13435.933238540882,310474.28539946093,-1678902.4242954024,18973621.475371953,-145944867.79955354,2.228706624605678,-3.2895625779462914,-5.985981344615841,-7.74055738049153,-8.764890470076857,-9.252535157097341
linear_4,mix,471600,qasm simulator,1.0,2.121451104100947,12.89064143007361,27.388538380651973,273.5173501577285,5.415624206826103,9719.40270000701,-40358.577039293225,579592.4519961993,-4408697.187040455,46397728.269992076,-421497029.5030831,2.121451104100947,-3.586403626785997,-6.736724146387994,-8.778367676604145,-9.52688458517903,-9.785683251228157
linear_4,mix,471600,qasm simulator,1.0,2.1855941114616195,13.006309148264974,29.286540483701387,270.6067297581493,135.53681890465387,8466.306981329824,-23371.962867709775,390653.91840525036,-2265900.482039462,23251868.70387046,-174213375.33118793,2.1855941114616195,-3.522748248277129,-6.401584540599471,-7.824926656134815,-8.33556462617779,-8.720539125194263
linear_4,mix,471600,qasm simulator,1.0,2.2444794952681395,12.954784437434292,30.73659305993692,256.2239747634072,262.0657099345795,7277.337621159889,-13185.629599988888,302299.491196143,-1512846.3518380276,16860988.16997987,-119762545.89569497,2.2444794952681395,-3.4300298910039,-5.959345918578451,-7.550756930038303,-8.31211606969446,-8.658296238312541
linear_4,mix,471600,qasm simulator,1.0,2.2492113564668768,12.88433228180862,29.83806519453206,262.33753943217647,137.17844840535835,8508.417206673805,-28214.920182540638,457909.93245320517,-3193178.5647274884,34184656.99828392,-299280019.20555615,2.2492113564668768,-3.5005089129344804,-6.47646445548223,-8.482031832467177,-9.34997065499664,-9.693739133109801
linear_4,mix,471600,qasm simulator,1.0,2.116193480546793,13.475289169295479,24.917455310199795,311.5657202944269,-252.5192693198249,12330.792090485227,-61469.18937890996,774632.6683927324,-6107059.635129848,61938532.73842296,-562334260.1494119,2.116193480546793,-3.9896973437493157,-7.206455575757884,-8.756593020260437,-9.435637968467482,-9.78030555140934
linear_4,mix,471600,qasm simulator,1.0,2.1724500525762354,12.56992639327024,32.1577287066246,238.84437434279687,342.6389955090055,6957.594456789972,-16003.29263984507,372645.3784614126,-2611572.403982327,30820765.803763885,-284822964.26146257,2.1724500525762354,-3.0560751749992408,-5.795686222378913,-8.94509592277115,-10.024822257846662,-10.047837463551435
linear_4,mix,471600,qasm simulator,1.0,2.139327024185068,12.58254468980021,29.178233438485808,251.42902208201897,155.79449943797945,8137.53546550545,-28062.695383305756,463987.8979422463,-3442271.049854748,37662594.591572784,-345311833.88376653,2.139327024185068,-3.32273918729937,-6.3741363238980355,-8.783882331274832,-9.72227414176275,-9.859927659733497
linear_4,mix,471600,qasm simulator,1.0,2.1577287066246056,12.262881177707682,31.54258675078864,226.1125131440583,371.96555350085214,5970.390744740809,-7442.792713227321,258860.32752145757,-1422581.023951384,17554544.42647932,-145489825.5766014,2.1577287066246056,-2.972409720356084,-5.493115508015185,-7.98867894336853,-9.420896458238863,-9.702952938662397
linear_4,mix,471600,qasm simulator,1.0,2.1855941114616195,12.553101997896954,33.28969505783383,229.11987381703517,484.12920545135194,5345.958329232581,3120.882863773206,160481.13355687665,-285560.5649044589,5994078.794579814,-23133679.848648477,2.1855941114616195,-2.9477006290522247,-4.997498073987485,-6.5748556753507685,-7.248339327964695,-24.33922967032076
linear_4,mix,471600,qasm simulator,1.0,2.205573080967403,12.477392218717139,32.72187171398527,236.6866456361724,368.4494232153862,6659.197323475364,-11673.021708200897,319027.613571287,-1956927.069395162,23351858.40032305,-201596099.90457597,2.205573080967403,-2.988049704352698,-5.754602161848006,-8.422077362911628,-9.565385354053593,-9.76861756232747
linear_4,mix,471600,qasm simulator,1.0,2.288117770767613,12.723449001051524,34.254468980021,232.76656151419579,506.730835573652,5309.313977681435,4804.290655933918,147731.9099734857,-135971.56261407366,4672938.32944667,-10218256.382288123,2.288117770767613,-3.0137733013273813,-5.000489486990649,-6.238732908920573,-6.653151879799942,-15.494357747517698
linear_4,mix,471600,qasm simulator,1.0,2.1019978969505786,13.481598317560467,25.25446898002106,298.46792849632016,-104.30840753575293,10529.597214236514,-42851.57951961399,579270.4997677661,-4137450.631914549,42029385.43367363,-363236228.564381,2.1019978969505786,-3.941834241323431,-6.715571903914583,-8.295185148534088,-9.172107269699715,-9.619798699175222
linear_4,mix,471600,qasm simulator,1.0,2.226603575184017,12.485804416403784,34.77865404837012,217.5026288117771,628.7749504022203,4003.4407131720163,17012.84315447056,27912.351830268384,1025189.4885817182,-6689841.666502515,101300811.98042634,2.226603575184017,-2.7979557370727908,-4.147580162205419,-4.157231801679171,-11.358174353299235,-10.398399363885302
linear_4,mix,471600,qasm simulator,1.0,2.139327024185069,12.194532071503682,33.18454258675079,207.92323869610908,608.4695265030878,3596.232849701022,18691.50920990611,-6503.112314581204,1342314.4104926356,-10523078.410238191,140966716.62311602,2.139327024185069,-2.7620010520842615,-3.985186935775814,-99.51474082964872,-11.255097875689433,-10.336027521491104
linear_4,mix,471600,qasm simulator,1.0,2.1482649842271293,13.063091482649847,29.172450052576202,268.82754994742425,135.93073922705165,8638.206947775428,-27746.260044305756,457998.9626274166,-3163564.0969653083,34137219.42065962,-299287428.350692,2.1482649842271293,-3.5099861680966864,-6.365594002518309,-8.40259769114585,-9.414108886333363,-9.717461030014789
linear_4,mix,471600,qasm simulator,1.0,2.2229232386961093,12.636172450052571,32.592008412197714,240.93690851735028,369.1218266486408,6610.385822085669,-9861.310104824357,297046.27837087744,-1692719.4649149282,20520473.19153164,-171644604.00301865,2.2229232386961093,-3.086909584325279,-5.694638766312334,-8.085699268058473,-9.450210066208896,-9.71262515927118
linear_4,mix,471600,qasm simulator,1.0,2.1798107255520502,12.973711882229235,28.757097791798074,265.09884332281854,145.83255893459275,8260.79630636838,-24126.16117853658,410722.18899991136,-2655429.376117778,28474808.502366383,-239160190.1418551,2.1798107255520502,-3.5554301546936706,-6.254519630111581,-8.148538908373554,-9.120323829256847,-9.556542543441752
linear_4,mix,471600,qasm simulator,1.0,2.31335436382755,12.805467928496313,34.18296529968462,245.75920084121987,393.0717264171,6959.40465398969,-12269.511315545318,339923.638163267,-2127322.946824632,25549557.99705093,-223759388.20444736,2.31335436382755,-3.082960816950035,-5.800296758363869,-8.581502287225254,-9.688709624022799,-9.831080754275522
linear_4,mix,471600,qasm simulator,1.0,2.170347003154574,12.376445846477402,33.425867507886466,220.9390115667718,520.9733700071997,5018.211931438524,4316.439257613296,159241.71946391196,-389305.13672411407,7838107.438485676,-48523419.58284343,2.170347003154574,-2.8431071003339956,-4.716188482788909,-6.885460054736608,-8.85550854615989,-9.288297684281188
linear_4,mix,471600,qasm simulator,1.0,2.2029442691903265,12.865404837013656,31.541535226077826,248.167192429022,367.6676301326579,6291.279334920667,-2439.0558482214205,194981.58190813407,-402549.86269343697,5618928.424616275,-5358556.120259251,2.2029442691903265,-3.2681097775609547,-5.526057879050107,-6.627815372871319,-6.637002633787153,-11.191562905991677
linear_4,mix,471600,qasm simulator,1.0,2.125131440588854,13.218717139852783,27.985278654048336,276.2302839116714,75.19757268729361,9090.55484072596,-31358.26269470055,486598.9875324999,-3389699.1931387014,35934905.12922888,-313395385.3097131,2.125131440588854,-3.645429877306209,-6.428323973959923,-8.37507270857084,-9.333758941508975,-9.68259843483614
linear_4,mix,471600,qasm simulator,1.0,2.1861198738170353,12.972660357518409,29.598317560462682,269.3154574132491,97.31291925015476,9142.674940157503,-33603.99239241721,516770.2237790775,-3743293.9875825723,39658769.851891674,-351832951.35363275,2.1861198738170353,-3.480812099809851,-6.64394152596533,-8.653453962304077,-9.38017009308654,-9.727416457653222
linear_4,mix,471600,qasm simulator,1.0,2.236593059936909,13.203995793901164,30.41745531019976,277.1388012618295,108.19789902254918,9365.816737142412,-33586.09876217058,524544.2322200519,-3773514.100712127,40225683.593858644,-357097742.8014314,2.236593059936909,-3.546772527084771,-6.657156282213546,-8.610009271735814,-9.431651123028928,-9.738430871797668
linear_4,mix,471600,qasm simulator,1.0,2.096740273396425,12.914826498422702,27.6267087276551,265.80967402733984,92.07867269609844,8685.819451998479,-29606.754471569937,466808.1290290467,-3259949.430249723,34724131.92626876,-303760632.40511143,2.096740273396425,-3.542914307864864,-6.366122057899579,-8.421225695727836,-9.341358696272007,-9.689258221401843
linear_4,qwc,471696,qasm simulator,1.0,2.173501577287066,12.517350157728716,31.22239747634064,241.51104100946398,329.77287066245987,6691.77917981074,-10593.518927444857,293377.6182965321,-1613165.5678233404,19190180.78233454,-154971426.46214613,2.173501577287066,-3.128156767251171,-5.750311690050983,-7.877523812714159,-9.183403127462775,-9.559860302844015
linear_4,qwc,471696,qasm simulator,1.0,2.134069400630915,12.552050473186117,29.80283911671923,242.51419558359646,236.2097791798098,7337.044164037851,-20290.72082018924,388065.75709779107,-2687675.6324921246,30202391.050473303,-270874663.1309155,2.134069400630915,-3.2440723327309398,-6.020019262076351,-8.615894079943283,-9.650760460615487,-9.826433136117814
linear_4,qwc,471696,qasm simulator,1.0,2.115930599369085,12.482649842271272,32.89668769716084,213.49842271293434,648.5796529968459,3227.7318611987776,25338.716876971535,-74599.5930599369,2118033.6932176575,-18453767.76971611,223648386.94716156,2.115930599369085,-2.9014909800654074,-3.864287836093421,-20.86882573994844,-10.814472286076366,-10.233642439432472
linear_4,qwc,471696,qasm simulator,1.0,2.1742902208201897,13.118296529968445,26.29100946372239,284.09463722397464,-52.336750788644046,9906.559936908496,-39728.52287066257,550088.4258675067,-3968288.273659282,40720993.7176656,-355988286.8951121,2.1742902208201897,-3.8362917915258046,-6.727517377202639,-8.375401671902837,-9.261981761139303,-9.66056762833026
linear_4,qwc,471696,qasm simulator,1.0,2.1553627760252363,12.695583596214512,31.672712933753942,248.02523659306007,287.4361198738174,7671.834384858052,-21729.608044164088,433091.8958990555,-3156328.22949527,36209016.82807559,-335735214.0938482,2.1553627760252363,-3.140205511199067,-6.062547525039696,-9.03348269772332,-9.945454048604995,-9.9850260422793
linear_4,qwc,471696,qasm simulator,1.0,2.0780757097791795,12.932176656151414,25.448738170347024,289.3501577287071,-191.35094637223838,11674.733438485831,-61091.248422712866,789619.3406940062,-6552844.262618318,68042661.3296529,-639832364.3367516,2.0780757097791795,-3.7273020395381313,-7.2495868849230725,-9.147752237817501,-9.70453583089423,-9.865144210477517
linear_4,qwc,471696,qasm simulator,1.0,2.210567823343849,12.503154574132502,30.639589905362833,245.90536277602533,219.35252365930526,7676.146687697135,-22800.31940063089,411627.8958990537,-2862021.171135647,31536451.083596162,-279814612.75473106,2.210567823343849,-3.219326225416698,-6.287277864403601,-8.61409814282838,-9.50056097171957,-9.753313148600196
linear_4,qwc,471696,qasm simulator,1.0,2.1135646687697167,12.605678233438478,30.913249211356455,241.56782334384872,335.8643533123037,6693.236593059913,-11115.03312302843,305081.42902207945,-1777496.5425867555,21252229.00946361,-178739491.46529883,2.1135646687697167,-3.1384566611166176,-5.638212790141729,-8.108714430693002,-9.432709038651103,-9.707136019294097
linear_4,qwc,471696,qasm simulator,1.0,2.1774447949526814,13.067823343848579,28.93454258675077,269.1861198738171,107.52760252365815,8893.847003154546,-31483.595425867425,497796.7287066256,-3613957.1159306024,38864427.24447955,-349015707.595425,2.1774447949526814,-3.5688253741826728,-6.445406769031129,-8.640449212756414,-9.537631499631708,-9.775738983630163
linear_4,qwc,471696,qasm simulator,1.0,2.19794952681388,12.75552050473185,30.313091482649863,262.81388012618316,134.92665615141715,8924.525236593034,-32827.7973186117,523437.511041009,-3921050.4266561456,42498711.77760242,-388483883.68690836,2.19794952681388,-3.3412342691520784,-6.6502051832239495,-8.850318623823394,-9.66449237453855,-9.832338122866602
linear_4,qwc,471696,qasm simulator,1.0,2.205047318611987,12.752365930599359,30.291798107255513,260.80757097791775,123.36908517350179,9090.805993690887,-36646.65141955832,570508.6025236605,-4517403.2397476435,49182434.80283904,-462660581.71451235,2.205047318611987,-3.3500729744639157,-6.700583716726881,-9.199960636864255,-9.863988651792187,-9.924977833999911
linear_4,qwc,471696,qasm simulator,1.0,2.1017350157728707,13.212933753943224,26.94558359621449,290.9589905362772,-97.70583596214604,11055.954258675072,-51963.37302839105,701710.0283911676,-5580746.535488949,58187124.992113255,-537608614.2594631,2.1017350157728707,-3.7091296939965788,-7.032176417776175,-8.947678463976446,-9.612613660564751,-9.828217864611608
linear_4,qwc,471696,qasm simulator,1.0,2.2476340694006307,13.127760252365926,31.58517350157732,263.4069400630915,268.55678233438607,7715.231861198737,-16072.20031545743,348214.31861198763,-1971931.556782323,22162099.455836132,-175151274.4842257,2.2476340694006307,-3.4161213181964287,-6.050066034283024,-7.887033707916793,-8.90942462652388,-9.389245403034995
linear_4,qwc,471696,qasm simulator,1.0,2.1892744479495265,12.842271293375383,30.1309148264985,258.1924290220818,219.46056782334466,7745.8201892744555,-18847.66403785505,365428.3690851758,-2210714.712933753,24344905.952681445,-199104595.4652999,2.1892744479495265,-3.3833156019723734,-6.13890168061063,-7.99855327077014,-9.049869018748922,-9.498407015429468
linear_4,qwc,471696,qasm simulator,1.0,2.2641955835962144,13.134069400630924,28.65536277602523,290.2712933753945,-97.87460567823337,11350.20347003151,-55739.25630914826,748640.4384858041,-6102870.972397456,63859441.41798111,-597628111.3824927,2.2641955835962144,-3.7343224327629176,-7.275958928256344,-9.120136278004832,-9.703407779678594,-9.86181153583506
linear_4,qwc,471696,qasm simulator,1.0,2.126971608832808,12.572555205047326,29.735804416403816,244.5173501577291,291.9376971608813,6597.074132492097,-8415.797318612045,247780.7287066261,-1026889.3682965402,11929846.534700375,-72599964.85094741,2.126971608832808,-3.2514020255052336,-5.72390768386065,-7.187574053309863,-7.760074021632679,-7.761383500227318
linear_4,qwc,471696,qasm simulator,1.0,2.142744479495268,13.258675078864348,27.947160883280798,291.06309148265046,-47.46608832807755,10834.35015772867,-48322.30520504723,674668.0662460589,-5283788.708990551,55602721.25867519,-512112776.9108831,2.142744479495268,-3.6837181317283116,-6.957497513569178,-8.90532616880208,-9.632778639650896,-9.830343542335374
linear_4,qwc,471696,qasm simulator,1.0,2.17192429022082,13.321766561514195,29.89116719242904,270.8675078864352,193.98895899053647,8064.3123028391365,-18594.5189274447,350803.1451104101,-1884026.6608832618,19898287.668769863,-143387952.05205077,2.17192429022082,-3.561446034261713,-6.126012720956522,-7.67253100241621,-8.230335461918576,-8.517605138719324
linear_4,qwc,471696,qasm simulator,1.0,2.2776025236593056,12.698738170347006,31.645110410094638,252.01261829652955,233.13249211356353,7992.0520504731785,-24971.354889589926,451831.65615142003,-3305513.425867503,36968508.7681387,-339597099.93217677,2.2776025236593056,-3.2692941764809396,-6.336052986066932,-8.895574424689526,-9.799841069401598,-9.896841023589193
linear_4,qwc,471696,qasm simulator,1.0,2.097791798107256,13.082018927444798,25.353312302839132,277.26498422712916,-2.6971608832802048,8850.507886435298,-27983.593059936728,404912.0410094629,-2371684.110410088,23129623.479495205,-168965880.53943115,2.097791798107256,-3.808405058145436,-6.406707722711912,-7.636814744530783,-8.107885895762577,-8.272702435221753
linear_4,qwc,471696,qasm simulator,1.0,2.5205047318611986,12.075709779179807,43.01419558359618,188.28075709779196,947.3249211356441,2458.712933753931,29153.749211356677,-24982.293375395377,1231027.1955836148,-5191457.022082034,63185004.54731632,2.5205047318611986,-1.6838791391011452,-1.8022165410887028,-9.685955005012188,-7.933748974639205,-7.6424664694438045
linear_4,qwc,471696,qasm simulator,1.0,2.0670347003154568,12.8627760252366,25.90141955835966,281.8422712933746,-71.96135646687608,10197.503154574137,-42994.76419558352,586531.5173501598,-4317890.065457406,44213200.7429023,-389199760.2121457,2.0670347003154568,-3.6495967463276013,-6.858234952645198,-8.49630474551891,-9.264999746251217,-9.680458949775058
linear_4,qwc,471696,qasm simulator,1.0,2.277602523659306,12.515772870662458,32.62933753943222,243.19242902208148,329.2145110410118,7001.2570977917985,-13588.383280757142,328834.533123028,-1963217.3627760224,22717550.30126182,-189478498.8848574,2.277602523659306,-3.082205923347192,-6.005436478645963,-8.201325101499604,-9.261024245889516,-9.612307379994483
linear_4,qwc,471696,qasm simulator,1.0,2.204258675078864,12.700315457413243,27.33044164037854,279.2397476340691,-134.14274447949614,11173.753943217669,-57812.68848580455,758622.2870662467,-6312174.085962124,65815561.003154576,-620788679.8367492,2.204258675078864,-3.632465305473068,-7.368709302472428,-9.200838292437954,-9.73576951966854,-9.873173853212187
linear_4,qwc,471696,qasm simulator,1.0,2.2160883280757098,12.651419558359635,32.821766561514224,238.8138801261827,406.7776025236589,6256.837539432165,-5810.99526813862,255331.7444794935,-1249676.206624602,15911899.787066158,-123827872.12460522,2.2160883280757098,-3.063876865018452,-5.483794210143075,-7.7555138793968394,-9.125640955380753,-9.503138429396312
linear_4,qwc,471696,qasm simulator,1.0,2.1947949526813884,12.597791798107261,30.682176656151466,247.6908517350155,265.0181388012623,7133.62302839118,-14269.270504731896,314643.4794952701,-1736872.8651419415,19419783.58201896,-150257695.60804215,2.1947949526813884,-3.23736662737419,-6.023472492096459,-7.78991936375971,-8.758602746708757,-9.246463149609296
linear_4,qwc,471696,qasm simulator,1.0,2.2752365930599368,12.921135646687713,31.57334384858042,250.83596214511041,287.3509463722385,7159.91798107257,-14670.770504732045,331223.59936908714,-1979536.8730283938,22684372.58044186,-189310235.07018998,2.2752365930599368,-3.367008332071586,-5.928661890761404,-8.058712114805346,-9.30033789711512,-9.632241880285292
linear_4,qwc,471696,qasm simulator,1.0,2.100157728706625,12.662460567823352,28.936119873817034,251.64353312302893,198.44716088327993,7636.769716088313,-20465.669558359645,377916.0410094625,-2427660.473974761,26607402.75709776,-225273766.28154442,2.100157728706625,-3.3345709310911156,-6.093623891547115,-8.209542293947946,-9.20936939148721,-9.60123887473383
linear_4,qwc,471696,qasm simulator,1.0,2.190851735015773,12.443217665615137,31.33123028391169,243.28075709779154,298.0678233438481,7069.55047318613,-14592.703470031449,333376.0094637239,-2004670.9384858238,22977952.37381708,-191553420.37224013,2.190851735015773,-3.102363938300284,-5.993278766716191,-8.142859487699791,-9.240232835299889,-9.606823622483894
linear_4,qwc,471696,qasm simulator,1.0,2.1033123028391163,12.970031545741326,27.710567823343826,273.236593059937,7.873028391166805,9833.534700315442,-42879.25157728714,616158.3186119866,-4889698.836750794,52089678.35173518,-486410737.60804486,2.1033123028391163,-3.561550749359515,-6.772223352649506,-9.016882513266822,-9.757042909160777,-9.879359796562168
linear_4,qwc,471696,qasm simulator,1.0,2.1143533123028395,12.888012618296539,28.332018927444796,262.8012618296534,167.43927444794897,7795.799684542587,-18072.677444794786,335729.87697160826,-1795168.2326498348,18974069.94164036,-136995602.9108831,2.1143533123028395,-3.488224745616187,-6.125324024174832,-7.545434006025632,-8.269849549113088,-8.606644667662662
linear_4,qwc,471696,qasm simulator,1.0,2.1845425867507884,12.347003154574123,30.03627760252371,235.26498422712916,278.72712933753917,6639.621451104138,-13340.588328075655,305515.78864353447,-1818016.0110410217,20803565.596214436,-172906911.5157732,2.1845425867507884,-3.1895717852830403,-5.836083648681534,-8.047975796781538,-9.227103910554163,-9.5906238851058
linear_4,qwc,471696,qasm simulator,1.0,2.218454258675079,12.649842271293373,30.264195583596276,252.93059936908531,231.39511041009177,7492.025236593049,-17275.68848580449,344557.1514195582,-2016118.0528390966,22152262.555205066,-176634518.7011028,2.218454258675079,-3.327217842443995,-6.13905550693868,-7.918077208955031,-8.870269616601298,-9.357134939381286
linear_4,qwc,471696,qasm simulator,1.0,2.177444794952682,12.821766561514188,28.401419558359585,269.38801261829667,44.555993690850606,9414.938485804421,-37407.98343848595,553355.1388012627,-4156847.02129341,44077691.09936937,-399387117.2263435,2.177444794952682,-3.532794327067245,-6.729316466801064,-8.734254177791756,-9.549554319536997,-9.789653884648391
linear_4,qwc,471696,qasm simulator,1.0,2.1553627760252363,12.615141955835965,31.31624605678229,235.83911671924318,401.1395899053614,5727.02523659305,-2.7089905361227102,172699.72555204888,-323862.86671924085,5394589.044164073,-10895248.166403588,2.1553627760252363,-3.142058760503572,-5.266581785120546,-6.53255331007073,-6.63058317282663,-12.000421613769344
linear_4,qwc,471696,qasm simulator,1.0,2.272870662460568,12.78391167192429,32.12776025236597,246.03785488958968,369.8501577287033,6279.739747634062,-3082.616719242905,202494.33123028363,-515366.067823344,6901136.399053616,-20344223.329652563,2.272870662460568,-3.2492144938285814,-5.6113327012794,-6.751660764012733,-6.822003605803867,-11.794871163209171
linear_4,qwc,471696,qasm simulator,1.0,2.2594637223974763,12.810725552050469,32.71214511041014,249.42902208201883,354.3888012618288,6947.662460567837,-10458.33832807556,301519.48580441665,-1605903.4250788474,19145999.208201807,-150645542.37302816,2.2594637223974763,-3.1857336602120494,-5.807186284364628,-7.8854970627867775,-9.01538326943512,-9.44722771705008
linear_4,qwc,471696,qasm simulator,1.0,2.1924290220820186,12.919558359621456,30.977917981072547,261.2365930599375,224.39432176656072,8208.32334384859,-23693.82334384856,437131.87066246156,-3007831.5615141992,33514669.79653012,-297549899.2302843,2.1924290220820186,-3.333569269675013,-6.249750587452425,-8.570501638278735,-9.566572520062206,-9.78991178236759
linear_4,qwc,471696,qasm simulator,1.0,2.2484227129337544,12.670347003154568,32.193217665615165,248.6056782334385,291.2294952681375,7412.5031545741385,-17276.125394321876,366212.3501577295,-2319005.5812302697,26243464.500000007,-223766180.68375352,2.2484227129337544,-3.1678320128510724,-6.119141956776294,-8.352883254590598,-9.336071288134537,-9.662359493727532
linear_4,qwc,471696,qasm simulator,1.0,2.305205047318612,13.235015772870653,32.0276025236593,271.1924290220821,208.60173501577398,8661.85015772873,-26131.00078864343,463268.1735015777,-3191815.1080441535,35108373.25394321,-309489717.77681345,2.305205047318612,-3.4822088199689953,-6.406917300782999,-8.560749983789364,-9.487295744617864,-9.75263384903803
linear_4,qwc,471696,qasm simulator,1.0,2.264195583596215,13.061514195583602,31.035488958990555,267.2176656151413,172.74684542586903,8622.130914826486,-27234.17902208178,460334.01577287,-3173281.4771293327,34338319.906940095,-300347556.37776,2.264195583596215,-3.4649907360192405,-6.466568394599221,-8.492326123680565,-9.386764397622613,-9.704340468233273
linear_4,qwc,471696,qasm simulator,1.0,2.227129337539432,12.84069400630914,32.08832807570976,248.36593059936914,337.14826498422923,6914.818611987372,-11619.728706624493,309816.46372239734,-1763274.6561513986,20842830.853312135,-171577647.74763358,2.227129337539432,-3.228658589867498,-5.77369798099927,-8.018678308574836,-9.273191258172282,-9.61639048902186
linear_4,qwc,471696,qasm simulator,1.0,2.1332807570977916,12.794952681388006,29.437697160883303,267.8138801261832,88.57176656151513,9512.83280757099,-38967.265772870516,594692.5331230274,-4677063.475552034,50650776.22712925,-473604182.64432055,2.1332807570977916,-3.37112242396437,-6.7434016987312955,-9.105067434326081,-9.807635789977493,-9.899967684793916
linear_4,qwc,471696,qasm simulator,1.0,2.1088328075709777,12.958990536277604,27.41640378548897,271.94006309148267,45.39905362775999,9200.416403785464,-34401.69716088331,514738.4384858065,-3733705.506309153,39445056.5173502,-350981861.3974745,2.1088328075709777,-3.5916592017320172,-6.542517012750206,-8.527909673968676,-9.432747905433459,-9.733769540969915
linear_4,qwc,471696,qasm simulator,1.0,2.227129337539432,12.632492113564675,33.08201892744475,237.57097791798185,420.56782334384604,6131.399053627752,-4453.347003154614,242415.51735015863,-1120160.5615142258,14679706.08990533,-111842935.83911729,2.227129337539432,-3.0391355134171874,-5.437731095091493,-7.615720898965662,-9.102175025400125,-9.483615757289462
linear_4,qwc,471696,qasm simulator,1.0,2.226340694006309,12.334384858044166,32.94085173501579,223.3596214511042,487.44716088328136,5090.025236593076,4205.278391166933,147544.34384858154,-214954.8272870796,5471649.785489013,-21110058.85094677,2.226340694006309,-2.9177545639779936,-4.941548193736946,-6.369247500356387,-7.387913355896086,-7.4122391700455434
linear_4,qwc,471696,qasm simulator,1.0,2.0954258675078865,13.228706624605678,24.544952681387993,309.99999999999983,-340.16640378548925,13360.285488959013,-76216.7452681389,941808.6529968451,-8011670.112776033,82452866.08044162,-780973347.3982649,2.0954258675078865,-3.9231022576185954,-7.543861475975946,-9.225452926958656,-9.730841806383506,-9.878424552894884
linear_4,qwc,471696,qasm simulator,1.0,2.2839116719242902,12.944794952681395,31.175078864353345,260.9968454258674,237.39747634069525,7683.6545741325035,-16284.626182965469,332571.4416403784,-1761548.0063091451,19030928.04258666,-137906278.68611836,2.2839116719242902,-3.428493051066713,-6.1853815079090895,-7.685359548866273,-8.31403479823743,-8.657654253506468
linear_4,qwc,471696,qasm simulator,1.0,2.1593059936908516,12.705047318611989,31.53312302839118,249.70347003154555,294.5473186119883,7391.0993690851665,-16349.05047318608,358769.675078863,-2220507.0709779058,25330958.793375388,-213986640.24605617,2.1593059936908516,-3.161218973401567,-5.99980258546675,-8.281909796838173,-9.298011917281006,-9.648600159137835
linear_4,qwc,471696,qasm simulator,1.0,2.1246056782334386,12.900630914826507,28.64037854889594,267.615141955836,100.45583596214587,8760.348580441643,-29036.321766561578,455049.2586750787,-3046101.52839116,31811961.146687713,-267609080.5141938,2.1246056782334386,-3.4753771434848484,-6.501767939841507,-8.273597470728374,-9.014743313663455,-9.543024744113279
linear_4,qwc,471696,qasm simulator,1.0,2.1853312302839116,12.46845425867507,29.656940063091486,253.7539432176656,144.8824921135632,8332.212933753926,-28061.059148264976,456291.1892744487,-3215961.076498428,34462264.62618329,-303159409.0875396,2.1853312302839116,-3.279769116129447,-6.557445277255236,-8.547302264757128,-9.364107656455907,-9.706404045673752
linear_4,qwc,471696,qasm simulator,1.0,2.1545741324921135,12.944794952681388,28.682965299684493,262.58044164037835,177.12302839116614,7701.137223974763,-16869.54731861213,321828.58990536357,-1637662.9242902084,17252424.58517374,-118519967.22239827,2.1545741324921135,-3.52179107434642,-6.104221124616551,-7.450909072057344,-8.029921527542024,-8.142894425785116
linear_4,qwc,471696,qasm simulator,1.0,2.22397476340694,13.050473186119877,31.2791798107256,256.5205047318607,300.82018927444744,7100.823343848587,-10879.474763406815,287373.0630914814,-1381707.2839116587,15959659.283911657,-113118332.18454146,2.22397476340694,-3.3894534778251932,-5.821811741283698,-7.491609429696853,-8.399820802266987,-8.801524665115505
linear_4,qwc,471696,qasm simulator,1.0,2.1143533123028386,13.235015772870675,25.37145110410095,297.249211356467,-184.68375394321734,11544.651419558364,-56817.212145110265,735981.2839116715,-5887173.904574125,60634998.26340723,-559081679.379338,2.1143533123028386,-3.875586127166916,-7.099186087239913,-8.882040025500427,-9.575548692762405,-9.814109216527843
linear_4,qwc,471696,qasm simulator,1.0,2.041009463722397,12.080441640378549,31.321766561514202,199.56466876971587,610.4826498422733,2765.1687697160983,25518.085173501615,-102983.170347004,2321756.8170347163,-21501958.3359622,254682143.37224028,2.041009463722397,-2.825285385116915,-3.713292499055683,-20.1315847921846,-10.91650027242531,-10.221318836067098
linear_4,qwc,471696,qasm simulator,1.0,2.266561514195584,12.938485804416414,32.31861198738172,260.04416403785507,266.1119873817026,7914.619873817055,-19461.766561514185,389590.5331230288,-2447103.9353312273,27275881.563091423,-229245950.6025251,2.266561514195584,-3.2875210722747483,-6.239024209487132,-8.269005487753352,-9.214670463315263,-9.601385930178733
linear_4,qwc,471696,qasm simulator,1.0,2.149842271293375,12.782334384858041,29.244479495268077,256.23659305993675,195.1908517350139,7634.26498422713,-18471.417981072762,347647.0189274463,-2016278.6198738173,21732762.27129341,-170116032.2697164,2.149842271293375,-3.403182638950144,-6.129624249658521,-7.824890460835482,-8.725397604074416,-9.237983807401346
linear_4,qwc,471696,qasm simulator,1.0,2.1805993690851735,12.219242902208203,32.06072555205048,235.33753943217715,296.2184542586742,7332.424290220814,-21396.071766561312,423609.5110410101,-3140197.453470047,35893311.20346996,-334500886.9171936,2.1805993690851735,-2.918819826240425,-6.202661966689625,-9.143770874627288,-9.958431982727465,-9.98256071424558
linear_4,qwc,471696,qasm simulator,1.0,2.173501577287066,13.32807570977917,27.107255520504687,291.6687697160881,-54.89905362776061,10345.561514195604,-42153.22082018932,582506.7034700327,-4225413.624605681,43319652.65930583,-378878869.8769736,2.173501577287066,-3.8243455963600614,-6.813376064026185,-8.437569842779418,-9.247161948566033,-9.670976858517802
linear_4,qwc,471696,qasm simulator,1.0,2.2042586750788646,13.31072555205048,26.363564668769722,306.731861198738,-292.54337539431947,13218.184542586738,-75974.36514195584,953746.0410094662,-8233947.89668769,85524220.50946386,-818537610.0212936,2.2042586750788646,-3.9334965404878206,-7.6050189278216145,-9.388425059722785,-9.826776528372717,-9.90951357758384
linear_4,qwc,471696,qasm simulator,1.0,2.1332807570977916,12.861198738170348,29.858832807570955,256.33753943217727,250.6317034700306,7356.791798107276,-14611.434542586849,321572.59621451003,-1769764.9455836136,19942338.097792186,-155513068.65220755,2.1332807570977916,-3.355778715593364,-5.935645258899615,-7.706845278306089,-8.866587731488806,-9.336572400244744
linear_4,qwc,471696,qasm simulator,1.0,2.22397476340694,12.899053627760242,30.143533123028433,260.8044164037855,166.6309148264995,8368.75394321766,-27002.963722397202,455153.01261829626,-3213039.359621443,34955043.62460567,-310965820.65141934,2.22397476340694,-3.4439985327655838,-6.383180008640755,-8.581347258112663,-9.508653105647191,-9.761874333978117
linear_4,qwc,471696,qasm simulator,1.0,2.2657728706624605,12.430599369085161,32.62381703470034,236.89589905362806,331.54337539432134,6884.843848580447,-15061.442429021894,349218.6340693996,-2301921.0591482553,26814595.162460703,-238382619.58438537,2.2657728706624605,-3.032039501489355,-5.971694840926294,-8.587966651313247,-9.703042004678974,-9.849650185503533
linear_4,qwc,471696,qasm simulator,1.0,2.2160883280757098,13.203470031545733,29.794952681387983,274.3785488958997,133.46214511041046,8932.2097791798,-29264.523659306025,479278.40694006317,-3333394.1435331367,35927250.18138797,-315558643.1324913,2.2160883280757098,-3.5818263005544435,-6.4306274624326285,-8.466886340785486,-9.414545148781357,-9.71966145362411
linear_4,qwc,471696,qasm simulator,1.0,2.2515772870662465,12.5615141955836,32.66167192429026,234.57097791798063,452.0686119873826,5377.047318612,4642.188485804624,127970.02208201888,154645.58280757864,608591.3753942224,37787278.92034613,2.2515772870662465,-3.073947231240506,-5.20328477450167,-5.869283078943787,-19.269663027859842,-10.875679250921197
linear_4,qwc,471696,qasm simulator,1.0,2.1096214511041014,12.873817034700304,30.808359621451093,250.5962145110411,308.1947949526804,7121.876971608846,-13304.267350157834,325974.1861198731,-1892771.133280768,22045290.89274475,-181583023.3178247,2.1096214511041014,-3.2484435785101216,-5.751846910191259,-8.068132641037751,-9.221929918420532,-9.588883510122848
linear_4,qwc,471696,qasm simulator,1.0,2.1545741324921135,13.351735015772883,25.675078864353285,304.1892744479498,-206.1861198738164,11918.408517350163,-58840.50788643539,755712.9936908544,-6011960.621451108,61623513.055205025,-565342841.782336,2.1545741324921135,-3.9389292183562787,-7.175306090967842,-8.835450179077412,-9.537285368866517,-9.802728368295167
linear_4,qwc,471696,qasm simulator,1.0,2.1853312302839116,13.440063091482651,26.38091482649842,296.9148264984219,-122.7610410094623,10995.752365930588,-49827.057570977835,662673.0063091473,-5095134.975552049,52377175.31388048,-473383731.42350185,2.1853312302839116,-3.9440205207446515,-6.932989244785974,-8.70063499357962,-9.451351042804532,-9.764085599012118
linear_4,qwc,471696,qasm simulator,1.0,2.272870662460568,12.154574132492113,33.81230283911676,220.5141955835965,454.7902208201907,5518.848580441641,-2652.8123028389523,220729.8706624599,-1051123.985804405,14144975.145110315,-112370384.18138765,2.272870662460568,-2.772736172032463,-5.320551977964909,-7.841397285623168,-9.372232600619745,-9.649730137709273
linear_4,qwc,471696,qasm simulator,1.0,2.1151419558359623,13.38170347003155,25.2555205047319,305.81388012618334,-242.18454258675212,12337.917981072562,-64206.362776025504,815916.8738170376,-6675258.900630924,68669747.8296532,-639081426.9779168,2.1151419558359623,-3.9307616715204445,-7.2545174978061056,-9.011579981486888,-9.621974090124436,-9.839945889325062
linear_4,qwc,471696,qasm simulator,1.0,2.2602523659305995,13.031545741324923,29.43217665615148,282.04100946372296,-14.430599369084922,10397.126182965294,-45648.54574132493,637174.8927444797,-4926974.995268121,51374864.728706606,-467880215.6340694,2.2602523659305995,-3.6122227107103178,-7.093724877499689,-8.861187590119883,-9.508128192379338,-9.789363491736074
linear_4,qwc,471696,qasm simulator,1.0,2.1293375394321767,12.810725552050485,28.373817034700284,261.94637223974775,108.6813880126162,8564.8359621451,-29634.86593059937,471786.1861198744,-3386411.9211356333,36450385.75709788,-325973938.2318618,2.1293375394321767,-3.47405904629389,-6.42477764141335,-8.524905718155978,-9.536657528606849,-9.771980648302655
linear_4,qwc,471696,qasm simulator,1.0,2.189274447949527,13.271293375394317,28.544164037854916,287.2460567823345,-7.094637223974721,10377.977917981032,-44208.6766561513,630041.3533123033,-4860271.924290226,51238034.09148248,-469300687.2097795,2.189274447949527,-3.6912409623203035,-6.859328511133178,-8.85097947728776,-9.597703346047172,-9.813905378042495
linear_4,qwc,471696,qasm simulator,1.0,2.081230283911672,13.154574132492117,25.696372239747653,289.9589905362782,-150.61908517350201,11169.268138801252,-54835.30678233428,718371.6498422704,-5788167.067034698,59899703.37539426,-555421897.117508,2.081230283911672,-3.7777051056328848,-7.065273761253563,-8.959155350212924,-9.611645929030907,-9.831416201424343
linear_4,qwc,471696,qasm simulator,1.0,2.208990536277603,13.315457413249218,27.481861198738198,302.00946372239713,-124.00236593060058,11478.32492113562,-52679.49921135647,702462.9558359617,-5426916.611198739,55910128.747634076,-506378308.6253946,2.208990536277603,-3.8339712657643523,-7.1427310515221505,-8.731646620722625,-9.475466522590668,-9.778931527639056
linear_4,qwc,471696,qasm simulator,1.0,2.0922712933753944,12.981072555205047,25.85725552050477,277.30914826498423,2.9029968454263466,9016.16719242903,-29415.300473186224,427081.6435331225,-2594136.92981074,25640761.48580454,-194580461.026024,2.0922712933753944,-3.723115970984186,-6.491174706234755,-7.765998746725867,-8.323457019172686,-8.733154367566321
linear_4,qwc,471696,qasm simulator,1.0,2.1482649842271293,12.91009463722398,27.845425867507885,267.2996845425866,74.94321766561393,8852.913249211342,-31613.88328075719,485176.7034700321,-3459648.7539432244,36661862.2287069,-323798905.2271299,2.1482649842271293,-3.5823632401378283,-6.46799333411385,-8.489633793620103,-9.382380446590147,-9.713924538316157
linear_4,qwc,471696,qasm simulator,1.0,2.2515772870662465,12.949526813880123,29.25473186119872,282.12933753943236,-57.66640378548935,10924.577287066253,-53026.32255520489,722927.3974763387,-5908342.770504761,62096252.02839128,-582871766.4171921,2.2515772870662465,-3.5884525392764743,-7.288691534654948,-9.16813585000505,-9.72950536521521,-9.869949164477603
linear_4,qwc,471696,qasm simulator,1.0,2.229495268138801,12.433753943217663,32.65378548895898,237.16088328075713,343.6963722397493,6890.02050473184,-14655.822555204995,350982.92429022054,-2314194.6348580373,27188572.2760252,-242583876.69006085,2.229495268138801,-2.996587849131788,-5.914709973881562,-8.632816886140853,-9.752772849367009,-9.877927348645855
linear_4,qwc,471696,qasm simulator,1.0,2.1238170347003154,12.843848580441641,27.35725552050474,271.8990536277596,-1.8888012618295558,9671.932176656153,-40948.31466876966,583370.432176654,-4495250.2421135735,47345828.10567818,-433488994.7500002,2.1238170347003154,-3.5762586420420988,-6.7763140865763,-8.805001709666712,-9.591175161709355,-9.810999908949153
linear_4,qwc,471696,qasm simulator,1.0,2.3044164037854884,12.772870662460566,35.96687697160882,222.16088328075742,641.3706624605676,4229.529968454288,15558.793375394247,52482.48895899058,778613.5094637214,-3851572.03470038,71805224.0299682,2.3044164037854884,-2.8709333274242144,-4.187492252059233,-4.26049972022622,-11.68205158745905,-10.48490336664781
linear_4,qwc,471696,qasm simulator,1.0,2.230283911671924,12.258675078864377,35.57413249211354,205.53627760252394,698.6277602523659,3362.813880126188,21057.76340694,-2561.132492112836,1201022.6593059858,-7665908.813880154,103480647.75078863,2.230283911671924,-2.6061424410267224,-3.5942080665529508,-22.38405614980678,-10.367971642936118,-10.10005454283768
linear_4,qwc,471696,qasm simulator,1.0,2.1869085173501577,12.730283911671926,28.1853312302839,270.6498422712941,23.073343848579825,9462.11514195586,-37374.54968454266,540531.7949526819,-3964944.027602547,41369305.97318609,-367244104.3004735,2.1869085173501577,-3.532949148514522,-6.819941386552603,-8.562461493066714,-9.370483510127265,-9.716929950471886
linear_4,qwc,471696,qasm simulator,1.0,2.1206624605678233,13.050473186119877,28.11908517350154,277.3974763406937,41.41088328075862,9652.690851735024,-37452.65378548886,556844.0410094633,-4112079.9045741297,43520895.68769724,-390392243.4582021,2.1206624605678233,-3.5714660421595426,-6.65935231961624,-8.662394518309881,-9.474039037961365,-9.760324743434253
linear_4,qwc,471696,qasm simulator,1.0,2.1679810725552047,13.223974763406936,25.87145110410096,296.646687697161,-176.16009463722398,11456.290220820201,-56270.67744479499,731489.7823343851,-5881594.08438488,60818694.25867533,-564075298.1033113,2.1679810725552047,-3.900767896082223,-7.125929967347851,-8.882338122811833,-9.653594663163906,-9.834896442229006
linear_4,qwc,471696,qasm simulator,1.0,2.1324921135646693,12.757097791798104,29.65457413249212,257.91482649842345,223.328075709779,7628.25867507887,-16879.534700315435,340679.01892744476,-1907373.3943217637,20921066.49842292,-161222855.4495256,2.1324921135646693,-3.3354432729557026,-6.088239100891229,-7.764415670156911,-8.69127866105149,-9.184609372159759
linear_4,qwc,471696,qasm simulator,1.0,2.1309148264984223,12.69400630914826,30.309148264984216,248.2807570977917,280.3485804416409,7103.798107255536,-14041.277602523669,322233.7318611966,-1857742.733438486,21236658.069400672,-172279164.34700212,2.1309148264984223,-3.247165111495243,-5.859245679456707,-7.95729177019002,-9.082717305483001,-9.49952226579171
linear_4,cs,471663,qasm simulator,0.9999999999999997,2.199403999525824,12.851898355606712,31.839744600741135,249.1299140052583,340.82835633220196,6724.47095251442,-7909.124027131985,258137.1982682512,-1099939.3669465713,13070189.825909201,-83654590.96150382,2.199403999525825,-3.229758127049401,-5.72169839448945,-7.365152988075152,-7.988890169859494,-8.039018508041515
linear_4,cs,471663,qasm simulator,0.9999999999999997,2.189013840830449,13.014205390040901,29.83402166023401,262.87839182055245,195.29910663033687,7990.672335531719,-20728.694286375936,381760.18463627715,-2342412.5672675897,25418738.19846592,-207603325.5901935,2.18901384083045,-3.476625198015588,-6.169139450203351,-8.043071746782056,-8.980765422962552,-9.466233316771309
linear_4,cs,471663,qasm simulator,0.9999999999999997,2.180986646713662,13.282065958594934,28.277976512901216,275.1183608458422,149.2180850608815,8065.803196391564,-17706.702059700987,327558.78970534966,-1607476.8700971296,16694571.475159239,-109760925.24538432,2.180986646713663,-3.7092879701194006,-6.122262213622645,-7.298494061863034,-7.823395230002377,-7.849095764701118
linear_4,cs,471663,qasm simulator,0.9999999999999997,2.1831747404844286,12.521937475061852,32.41528993495797,233.09203682935296,408.63896776487195,6028.658054462473,-4851.849674397203,240701.28819475812,-1126534.4233268877,14505350.744750844,-109702262.60273516,2.1831747404844295,-3.019249375272637,-5.389769388162343,-7.697574834646202,-8.965579658832048,-9.388440036092325
linear_4,cs,471663,qasm simulator,0.9999999999999997,2.200445581663031,13.258819289694504,30.810102619855453,263.75700039489686,315.77665896350146,6867.161367542054,-4521.205629489203,208417.2300995991,-382827.8487773878,4724560.98032574,11277135.415050799,2.2004455816630317,-3.4863006358127304,-5.680976753316962,-6.538940995159461,-33.40860366191888,-10.874523747021886
linear_4,cs,471663,qasm simulator,0.9999999999999997,2.162001700000411,12.732856280222597,32.562851167319955,224.68684536802255,589.012331734178,3667.582533902785,23927.18059227602,-84585.28755968715,2438198.216624205,-23547043.113276593,290153125.7949855,2.162001700000412,-3.075820142301429,-4.274822165027838,-31.495239564301016,-11.224973010416694,-10.202760354138686
linear_4,cs,471663,qasm simulator,0.9999999999999997,2.1913955966586354,13.183528712468451,28.179926226582456,277.9472376302154,71.17677979076839,9050.133565771424,-29473.04311520176,455842.5138191396,-2964107.738121619,30715114.971625317,-252840399.91989407,2.1913955966586363,-3.69902706021817,-6.471705736661939,-8.102562129433345,-8.90128136821038,-9.443135412597671
linear_4,cs,471663,qasm simulator,0.9999999999999997,2.192041931504866,13.47480198603875,25.788691895773393,301.07236010054874,-156.33431298303634,11237.245648353273,-51728.45232023105,678452.8811980736,-5235616.3240395505,53709661.22488553,-486413103.23584896,2.1920419315048667,-4.020048950120681,-6.958970359028076,-8.673770323765826,-9.479538059773235,-9.766682792845419
linear_4,cs,471663,qasm simulator,0.9999999999999997,2.181877162629757,13.199260143628706,27.936419292798327,284.1958145903861,12.519227538473102,9674.784976709114,-35275.32473836219,511073.6531715877,-3484230.0258711283,35654012.90404786,-300069233.97348005,2.1818771626297577,-3.71512479560121,-6.6950128492236,-8.226129033883385,-9.001693888769335,-9.519285425610168
linear_4,cs,471663,qasm simulator,0.9999999999999997,2.1544089834139637,12.40138943527901,31.33959032084236,234.33161156561263,372.4490928454144,5992.6030734397855,-2960.843753143752,199108.4692701371,-552764.2875655955,7347965.982154808,-27027584.758124545,2.1544089834139646,-3.0498598184579317,-5.502329644953276,-6.910341678681114,-7.023119544298648,-11.935137932517048
linear_4,cs,471663,qasm simulator,0.9999999999999997,2.191284602076124,12.546534659852222,32.16306245902851,233.0679125109333,432.18963578678535,5595.65484966628,741.2928783477886,176840.38237145144,-439628.15940546367,7364582.897746252,-36696487.218972765,2.191284602076125,-3.062448469397993,-5.209023840123571,-6.634589628317837,-7.6896223580123175,-7.784444038773312
linear_4,cs,471663,qasm simulator,0.9999999999999997,2.1893382352941173,12.826987399018071,28.155980144567383,284.7706375132431,-142.62163810755047,11783.898994859768,-63534.754924885005,834796.9220926946,-7105207.7089482965,74509204.12474196,-710692050.8622416,2.189338235294118,-3.574122868890627,-7.527070922251761,-9.417315730596162,-9.819333002260695,-9.902978961221974
linear_4,cs,471663,qasm simulator,0.9999999999999997,2.1558399581057968,12.760842410784546,31.107947887564386,246.85473821826008,308.03347274305924,7077.0356723827135,-14621.105753775386,342781.0878304866,-2157324.2409929014,25178089.33176198,-218719348.00083452,2.1558399581057976,-3.221256046018316,-5.80050428551645,-8.329168169302486,-9.579221525397823,-9.786742033676987
linear_4,cs,471663,qasm simulator,0.9999999999999997,2.1841479238754324,12.785519318152497,29.228949488279703,266.81527794969276,84.54344241248566,9113.323214985547,-33740.5705824693,513378.88640932634,-3702108.2832115754,39047725.17636245,-344675176.80861354,2.1841479238754333,-3.4452870792941623,-6.696950363303593,-8.601294002171585,-9.33782005127356,-9.71042677449434
linear_4,cs,471663,qasm simulator,0.9999999999999997,2.1828503460207607,12.887571649819355,30.38442237428286,250.2658844489596,322.02553192091165,6526.605051148676,-5783.100806908946,227104.94261329903,-785393.6762114649,9729568.899416838,-50640180.80520685,2.1828503460207616,-3.3686643017185505,-5.600289600196257,-6.912063218450365,-7.3870049096469605,-18.148803357995916
linear_4,cs,471663,qasm simulator,0.9999999999999997,2.140679065743944,12.993937134201683,30.501180401325012,239.23246538016085,562.2850181129874,3364.4556262170017,34227.0551423258,-228727.86819602296,4287288.339580959,-44737061.84135372,525605507.7257126,2.140679065743945,-3.3526416733518762,-4.514624574150604,-19.715590165627958,-10.85862948299499,-10.148003895200667
linear_4,cs,471663,qasm simulator,0.9999999999999997,2.1941784545141436,12.074877870900929,34.596920532553376,208.32013226235063,568.0514947667772,4516.234473963754,6906.079788942834,134931.29751176044,-224521.28523428243,6384579.20192438,-37010582.69176395,2.1941784545141445,-2.5944058952835083,-4.394599243470371,-6.761283836057972,-9.028387975306183,-9.384352501619528
linear_4,cs,471663,qasm simulator,0.9999999999999997,2.1779805726525794,12.620899908268786,28.9992924066149,260.1824844425283,142.1830033988792,8152.4111255229545,-22211.2042934408,375612.97634677304,-2153453.3658986944,22106953.452352133,-163506162.17689866,2.1779805726525803,-3.3986831376642908,-6.421351278433912,-7.8277709167901985,-8.267019684911176,-8.588759914776679
linear_4,cs,471663,qasm simulator,0.9999999999999997,2.168585929486256,13.228766752726232,30.046015633384776,261.7883556048594,287.47382187279084,7020.702365374251,-8398.475741408156,253410.71623689294,-968156.0721887901,11361856.246536732,-63480914.509310044,2.168585929486257,-3.510556743954512,-5.694944524176614,-7.007888635443313,-7.501910178743072,-24.425385776287513
linear_4,cs,471663,qasm simulator,0.9999999999999997,2.170847750865051,12.67753834723761,30.599203797926535,249.91068607880695,267.78548853696094,7262.122032782234,-14781.171296193363,324148.955179317,-1799389.4026687616,20058018.075362146,-154747927.58652034,2.170847750865052,-3.252911211348107,-5.984715325849246,-7.8807173830337796,-8.69804493595501,-9.190546061861388
linear_4,cs,471663,qasm simulator,0.9999999999999997,2.1898464053741846,12.883692588992925,29.79321106275451,263.5720163889613,156.96730860130535,8417.396433897613,-25780.591094719366,433144.5618619157,-2868513.242907762,30619669.554646295,-259095633.8353158,2.1898464053741855,-3.432982652083674,-6.399032394139468,-8.311323913241838,-9.114651112176492,-9.578702438400228
linear_4,cs,471663,qasm simulator,0.9999999999999997,2.195177335640138,12.746529228152683,32.536138739909276,236.28093516476662,470.79398448394244,5423.97552369621,4643.913119954736,140271.71055043617,14726.972646218579,2607475.0929006967,15473492.125746243,2.195177335640139,-3.1138377562488437,-5.020250369211518,-5.993814990360978,-3051.260501182026,-11.340317775741443
linear_4,cs,471663,qasm simulator,0.9999999999999997,2.189675496154431,12.90785477037841,32.714534659945684,231.24939437952744,563.391339120074,4271.171518346071,17022.503393982453,10138.331520462914,1318460.7873211007,-10448959.04170363,144479892.0430684,2.189675496154432,-3.1582036324530547,-4.4649060355420565,-4.465009844966627,-11.198911376749516,-10.334679300894724
linear_4,cs,471663,qasm simulator,0.9999999999999997,2.1789861148558565,12.914663162643977,31.088383497244102,249.14354116704703,348.00696082575655,6615.283477569412,-7584.024756559915,264305.7936970407,-1264007.3044091458,15653210.203249676,-117812153.28407419,2.1789861148558574,-3.306773032737627,-5.548067795285629,-7.516966193616431,-8.915877769261872,-9.366887380608752
linear_4,cs,471663,qasm simulator,0.9999999999999997,2.1478388123070156,12.522339944362935,28.188225508177027,268.939499842378,-36.09590286017907,10285.26119841614,-49026.85542357327,675766.359238959,-5495845.922352023,57880547.53849883,-542452048.5544552,2.1478388123070165,-3.4080168766523387,-7.1903748123529,-9.142885101924673,-9.72190266416542,-9.863675221736772
linear_4,cs,471663,qasm simulator,0.9999999999999997,2.1640410764562654,12.735834132350979,27.397162210460454,279.9534712299418,-83.47771239768252,10739.713725759766,-51070.29668229063,689977.3406661891,-5527119.5105867535,57688099.11312394,-534925075.0263729,2.1640410764562663,-3.5850674722711697,-7.165054268778726,-8.987491008387021,-9.634154450505061,-9.833267609658822
linear_4,cs,471663,qasm simulator,0.9999999999999997,2.179953688918622,12.702906954893894,29.854881384677647,257.0162790652019,152.23954186325824,8481.953293203916,-29844.287612660886,488853.6309055498,-3631604.4231188595,39639361.39508417,-362561220.49163824,2.179953688918623,-3.346539362572168,-6.480745375884819,-8.812753286547197,-9.697058838823855,-9.844846842784076
linear_4,cs,471663,qasm simulator,0.9999999999999997,2.158520761245674,12.397485553175118,31.073056989466018,242.1687626233258,259.4668541288575,7551.005580860895,-22172.27149768049,422624.6260294517,-3056418.3299522526,34535239.05769993,-316699906.05380344,2.1585207612456747,-3.0787289532860918,-6.189831601778238,-8.901628269791065,-9.804856258968426,-9.900697134162542
linear_4,cs,471663,qasm simulator,0.9999999999999997,2.1864011559703624,12.841636790761207,31.308815582863446,244.01154755008855,431.1487810742745,5368.4597993468415,8623.594075165702,68598.82951419127,978506.3446661009,-9130925.733020915,149423997.47432503,2.1864011559703633,-3.264407464890845,-5.163240319610319,-5.33160451842087,-12.526234798287533,-10.359705383817849
linear_4,cs,471663,qasm simulator,0.9999999999999997,2.1713084870632056,12.941231044677552,31.82443975899336,235.88373007800357,518.8958212421144,4564.757228858151,15138.790696798129,19132.03434301909,1316842.5269091367,-11138984.553384092,157506722.61812523,2.1713084870632064,-3.2390457887931725,-4.657320350111047,-4.669115385631394,-11.570123854454412,-10.354788263907615
linear_4,cs,471663,qasm simulator,0.9999999999999997,2.1903114186851207,12.416494094125271,32.36131522573619,237.41096701266213,337.45721470863043,6934.446653535536,-14895.158434424415,349770.4090482033,-2259462.8715305827,26213712.44763406,-228788679.20536745,2.1903114186851216,-2.984648487339247,-5.919255286599983,-8.600901999805664,-9.530990925450073,-9.74915671533458
linear_4,cs,471663,qasm simulator,0.9999999999999997,2.1553004108458973,13.006452386900053,29.31578644698415,264.31887362258215,180.30107539937282,8045.887268138413,-20932.89920007942,379138.0286231862,-2287051.0792399207,24579766.329696823,-197123189.47405902,2.155300410845898,-3.484403510049744,-6.176489322028251,-7.958779320658103,-8.847313444495349,-9.35912058471791
linear_4,cs,471663,qasm simulator,0.9999999999999997,2.172811541622898,13.174830397286287,27.144175687245557,294.96990319608307,-159.03666667118227,11806.201736521787,-61133.029088702286,803461.8363995468,-6713504.992719535,70311814.74909842,-666439217.0318364,2.172811541622899,-3.770532729559733,-7.288776578075142,-9.213158405799149,-9.800946060006634,-9.898010847326763
linear_4,cs,471663,qasm simulator,0.9999999999999997,2.2382945239494005,12.730466215576948,33.569326552465746,237.45331028896658,452.85367821882863,5936.466680917443,-1911.0732629452782,220518.856115308,-890659.6297220931,12487273.579158997,-89801324.07173172,2.2382945239494014,-3.0428738624395515,-5.278691672748497,-7.414699496495306,-8.936748291703415,-9.35655623369517
linear_4,cs,471663,qasm simulator,0.9999999999999997,2.1815152908417987,12.766940662095173,29.867683309107314,272.41641264200496,-0.012101284274082136,10628.70996638797,-52569.986465508875,741058.3357748555,-6259347.048404974,67060633.26652846,-643574011.6415807,2.1815152908417996,-3.3717390752818828,-7.263816555320157,-9.511948431398167,-9.946130754990232,-9.963611245852851
linear_4,cs,471663,qasm simulator,0.9999999999999997,2.152681660899654,12.849536407718894,28.2528962597747,274.1786250377226,-30.47439631474663,10431.81997160185,-49839.22256082577,693084.4716295137,-5687297.750926074,60280126.395056665,-568886153.1574192,2.152681660899655,-3.527081480693147,-7.0647975490402715,-9.244256646765201,-9.789673594014928,-9.888848284522986
linear_4,cs,471663,qasm simulator,0.9999999999999997,2.193555363321799,12.756882505514906,32.10645630875535,239.1084491628453,439.53593749357174,5523.270878246941,4565.690854214551,126188.39337863674,250188.1075911826,-709449.8093052494,55700815.34637651,2.1935553633217997,-3.158948064744353,-5.166868006051715,-5.832086325372726,-16.47844242922538,-10.664676869212455
linear_4,cs,471663,qasm simulator,0.9999999999999997,2.167279411764705,12.94543060849618,32.08232192860295,234.52555745503986,543.5461081054954,4351.576080510904,17715.133163664283,-8009.412344618811,1620142.5488683558,-14411091.119690053,192752929.92521152,2.167279411764706,-3.2124188328285923,-4.54977404112314,-649.9135147338839,-11.471288225396494,-10.309835792773457
linear_4,cs,471663,qasm simulator,0.9999999999999997,2.181228373702421,13.312897561138891,28.022853782201715,282.2557871906875,82.75824085108975,8856.810078639994,-24901.861372908505,398887.4186016337,-2255865.787886397,22791720.396723997,-165753549.94666174,2.181228373702422,-3.7438330793808943,-6.379420304754819,-7.651040608604316,-8.180619897061538,-8.424522701386365
linear_4,cs,471663,qasm simulator,0.9999999999999997,2.1653330449826984,12.506432800995604,35.48077347821729,177.4028158173332,1178.0739868174217,-3194.538802644946,99763.00140290463,-896485.9024544352,10966602.159349758,-111880889.21270727,1196871159.5602758,2.1653330449826993,-2.698244538884726,-2.719578359940036,-12.008011534745929,-10.388864226532263,-10.065245118172388
linear_4,cs,471663,qasm simulator,0.9999999999999997,2.169821208739183,12.378463199254185,32.59515693638309,224.2710330176273,480.0154526826012,5223.04026109366,2685.387750528884,167832.55261082467,-440113.038468865,8015392.966710892,-48245386.52050077,2.169821208739184,-2.926936615608409,-4.921266797826643,-6.804426901581413,-8.577532504455242,-9.066944740477279
linear_4,cs,471663,qasm simulator,0.9999999999999997,2.180255190311418,12.874765062635623,30.102121922395284,254.0920699243895,265.1083302333981,7196.2775988765625,-13822.693271192633,317435.9822627423,-1788878.8643814123,20557210.915081777,-165869021.7151256,2.180255190311419,-3.3884418162290366,-5.870309037519824,-7.770133868669193,-9.1511602897018,-9.533986625177885
linear_4,cs,471663,qasm simulator,0.9999999999999997,2.1552969050157484,12.7141036648733,31.907143098544275,237.45945054012213,430.64084928548397,5728.762653148693,189.5177042202192,186003.56546404056,-518320.85066515446,8244725.564958663,-45216882.11951058,2.1552969050157493,-3.1251040679827895,-5.172927740688181,-6.743387930768687,-7.955761111726117,-8.168747855772732
linear_4,cs,471663,qasm simulator,0.9999999999999997,2.1870382003667,13.104896658410974,33.77473752317117,234.63856157939222,589.737540010871,4370.323825701167,17840.774291113885,4674.741108092411,1473102.3653084142,-12467845.908235611,171575730.71801594,2.187038200366701,-3.1359021042275814,-4.399292620673666,-4.402731532425904,-11.603629306554746,-10.320516607862658
linear_4,cs,471663,qasm simulator,0.9999999999999997,2.1809284499331922,12.904795863456982,30.079235162017955,265.0490467507592,146.72990442966832,8752.40379076527,-30025.949178142284,490121.99371811224,-3538103.611005111,38302713.12244752,-343656802.90311277,2.180928449933193,-3.402787178794793,-6.504399836495043,-8.670382091132527,-9.539614197837768,-9.780222569357838
linear_4,cs,471663,qasm simulator,0.9999999999999997,2.191341571816041,12.553542814319634,30.240717520026273,270.53698071176416,-21.089483229418825,11030.191349144416,-57773.43375142609,803398.910611801,-6938735.592355535,74399327.61484587,-720285330.6184927,2.191341571816042,-3.2607149744619712,-7.527373489875316,-9.696622972503198,-10.014024437336381,-10.01430082479842
linear_4,cs,471663,qasm simulator,0.9999999999999997,2.1825477928789194,12.70395106122881,30.21407100222243,253.05764192441828,256.8632782919525,7084.565476286184,-10867.694585388035,263978.5094019827,-1039580.0670793039,11093729.19546201,-54523882.547263615,2.1825477928789203,-3.3139618512124316,-5.989954119263461,-7.1825938246691825,-7.264791744084936,-11.639013012661144
linear_4,cs,471663,qasm simulator,0.9999999999999997,2.211502794660816,12.884602141566742,30.890010480562328,249.2454285844633,359.0572932462377,5988.086189151405,1823.1249224627607,131714.6000038527,335280.530161344,-2893553.117312369,87079604.64586097,2.211502794660817,-3.349339478105548,-5.490837178333507,-5.935270256929865,-14.046030276463991,-10.474603339702824
linear_4,cs,471663,qasm simulator,0.9999999999999997,2.2079353320180077,13.19430815854355,30.512976187560227,261.60231367961774,340.16553886058506,6471.810883368241,-414.0602055861292,166284.63723932055,20070.29054718802,908719.9212641356,47012385.9939964,2.2079353320180086,-3.4995724192704305,-5.552685015158848,-6.070216799362396,-17.258282890235648,-10.73933930553441
linear_4,cs,471663,qasm simulator,0.9999999999999997,2.197207071063083,13.130286721747762,27.431523062098634,289.4228023212898,-83.9175402455304,10795.168034836335,-48850.636922054364,662130.8643887867,-5140690.283586981,53322340.74712255,-485991827.6778388,2.197207071063084,-3.76141947718668,-7.032626099532273,-8.785580190103776,-9.52534697660275,-9.790630384903471
linear_4,cs,471663,qasm simulator,0.9999999999999997,2.1757372620569697,12.831656744076646,31.003276735834646,238.65098670888347,451.85747042855525,4963.825826455055,10975.380535752469,45280.05265859847,1118234.2905574024,-10136300.536675643,153864610.49554288,2.1757372620569706,-3.2792548259158676,-4.961068493096193,-5.041624334978113,-12.185331866907408,-10.365967767036079
linear_4,cs,471663,qasm simulator,0.9999999999999997,2.1937639952739536,13.288090867938841,29.572644949248648,277.46178883534253,97.28022487189115,9425.682407898556,-35668.74882303442,555600.6707401917,-4215187.535933322,45671761.25506025,-421083589.06709284,2.1937639952739545,-3.60548764482505,-6.54952546035625,-8.871068507249225,-9.746041771306906,-9.870767525287018
linear_4,cs,471663,qasm simulator,0.9999999999999997,2.208457700710177,12.880274264364633,29.510487842809404,266.07641821580745,154.1424953194805,8371.62674543595,-24691.34082181413,423679.37506679684,-2797001.7750061126,30338926.93031614,-260390601.7198178,2.208457700710178,-3.4818208674112077,-6.373319638400453,-8.174077051451615,-9.350632085551524,-9.661988422847672
linear_4,cs,471663,qasm simulator,0.9999999999999997,2.172579490725349,13.068103391699028,28.67515085353402,276.003229991433,15.27242880547037,9946.949562907144,-42957.57901407281,616354.5355292059,-4833922.878520572,51207937.55492701,-473801541.1730814,2.17257949072535,-3.587808619135669,-6.849115862207793,-8.973809970269823,-9.665210106950301,-9.842638725483427
linear_4,cs,471663,qasm simulator,0.9999999999999997,2.1850980389040564,12.966913985064977,29.201002798306842,275.84297751369894,-0.8570679826296037,10409.153530352249,-48670.88156852352,689114.3758074163,-5636906.347463842,60062966.83296584,-567334926.177128,2.1850980389040573,-3.5161799731972674,-7.054107501790609,-9.266666444936556,-9.814704538275617,-9.901519423539721
linear_4,cs,471663,qasm simulator,0.9999999999999997,2.2032777314904317,12.975314164451287,31.169670726823046,254.4234043891869,279.0401052244519,7421.702234069241,-16847.736946625744,363339.75692415406,-2326784.4149172604,26760474.059991907,-233460095.50099015,2.2032777314904326,-3.3482253755264373,-5.9289201623427825,-8.299831091349027,-9.591588679578605,-9.80682960275747
linear_4,cs,471663,qasm simulator,0.9999999999999997,2.2023753658684333,13.084311124943286,29.64090872099088,283.08135129278133,-20.85827979619161,11044.130433405642,-54375.01444517713,763790.4522112356,-6417932.73455372,68716573.52311026,-657901090.581355,2.202375365868434,-3.536907476994941,-7.1818772165567974,-9.470639665168845,-9.92956369432444,-9.956390719794506
linear_4,cs,471663,qasm simulator,0.9999999999999997,2.2059130289549778,12.902470306086073,35.34157344041046,209.8391672372597,848.6825972484559,1404.9617374865877,48857.069841453784,-321021.77047909825,4814656.165757635,-46596371.13549559,517489342.4294037,2.2059130289549786,-2.918186502564174,-3.2847679697503027,-13.448664904914592,-10.540944610779434,-10.127422819477117
linear_4,cs,471663,qasm simulator,0.9999999999999997,2.1789576124567467,12.947843811620801,28.624668477015,271.97331764092587,52.20076481087221,9388.46940784566,-36276.92203834231,539042.7165769117,-3973562.8891983572,41931643.99203664,-375353170.31594956,2.1789576124567476,-3.5580455240822513,-6.69569136541611,-8.648416766161832,-9.449298843041475,-9.7519033118583
linear_4,cs,471663,qasm simulator,0.9999999999999997,2.196529429153623,12.552404120687317,32.26799556638697,235.88664089865972,407.5049136079294,6000.320240195183,-3467.310083898624,224216.13073025545,-922523.8385648803,12351289.919445658,-86817473.18780832,2.1965294291536237,-3.059151995401136,-5.399715572813124,-7.327179350506979,-8.709800412812509,-9.175047458257504
linear_4,cs,471663,qasm simulator,0.9999999999999997,2.1344327281678392,13.159667892242558,25.74263061648014,302.3087969785914,-293.1138434785197,12870.65623769452,-72304.69057598023,897740.1935934378,-7576091.16935548,77713999.73805076,-731852285.5092262,2.13443272816784,-3.845795549482059,-7.592493460467795,-9.2043273820876,-9.672780611182997,-9.86825157461774
linear_4,cs,471663,qasm simulator,0.9999999999999997,2.156335998013549,12.948902432092545,28.60607786607687,275.4974804767333,40.03408442861664,9639.12160841316,-37638.022583295904,553147.1477291387,-4056110.812518044,42535343.30052854,-377981724.4848212,2.15633599801355,-3.5327174808652257,-6.764713570817475,-8.629220884068971,-9.372305527148988,-9.72665243410447
linear_4,cs,471663,qasm simulator,0.9999999999999997,2.2169117647058814,12.781036272908022,29.128004122482274,279.44612614182586,-68.87306882514908,11166.623864017552,-57105.00661942817,775942.3539280454,-6532568.41761704,69105186.80810593,-658624310.4589115,2.2169117647058822,-3.4935584740394194,-7.395951837552133,-9.398959386595658,-9.847639640405918,-9.914089717062987
linear_4,cs,471663,qasm simulator,0.9999999999999997,2.1827583880959573,12.926077093859384,32.10450349124583,233.20229799219715,564.3991793599536,3989.555769811099,21880.08748179775,-56634.47690059855,2128211.847859794,-19721820.296264973,246440781.77975154,2.1827583880959582,-3.217485674093543,-4.472885912921682,-32.99584485197128,-11.041601856476419,-10.265553610017475
linear_4,cs,471663,qasm simulator,0.9999999999999997,2.1520561156262046,13.16066649290214,26.021885834183745,302.5779255357937,-252.20027107312458,12749.346351711618,-70796.26813162782,902508.6104340228,-7708591.061728581,80370429.50524922,-767169970.3878442,2.1520561156262055,-3.844221332271611,-7.464620363198215,-9.32432498936741,-9.826964448182586,-9.910164660793212
linear_4,cs,471663,qasm simulator,0.9999999999999997,2.1661320587319097,12.925785478907594,26.598637559613163,291.8362449642255,-187.8327483660996,11908.179804048394,-62976.30260895471,814933.7296904913,-6809366.899719301,70832900.9205842,-668638391.8390251,2.1661320587319106,-3.7321471078698822,-7.388471186183369,-9.199565700429922,-9.737831000943206,-9.876339066390884
linear_4,cs,471663,qasm simulator,0.9999999999999997,2.1623636068466707,13.047953843268644,26.637660709591206,297.0883005025584,-218.72904367824935,12480.67611834579,-69027.85519632502,889426.5219826776,-7621032.197992658,79776228.36351521,-763531729.5923308,2.1623636068466716,-3.7635087731017545,-7.478727874950987,-9.381428195501798,-9.853804746200698,-9.92081574676957
linear_4,cs,471663,qasm simulator,0.9999999999999997,2.174174713559653,12.905891856078108,30.597268439451177,255.69081078913106,246.87275194484553,7690.978092651717,-19827.83803160537,393032.9788620874,-2630871.82145957,29829401.183360714,-264400763.2702089,2.174174713559654,-3.345637857740283,-6.04286061432208,-8.425716640781841,-9.654551413641284,-9.82522673629392
linear_4,cs,471663,qasm simulator,0.9999999999999997,2.177332660182781,12.625330366061016,31.532148707872516,245.6347383547539,297.9541075731707,7281.540178940389,-17313.278852082454,373879.043867658,-2497479.0808168612,28809115.731937192,-256791881.16859618,2.177332660182782,-3.145795800728776,-5.974358540099608,-8.561172048326341,-9.698675893718827,-9.858144185963209
linear_4,cs,471663,qasm simulator,0.9999999999999997,2.171381688796713,12.921803416791402,29.31078373253679,264.6857382736055,122.52370303449788,8866.517523190847,-32459.568666007297,515823.38933253515,-3856661.9205207946,41758769.893218964,-381412646.59079486,2.1713816887967137,-3.4727992297431434,-6.478811540019233,-8.854050354496371,-9.648277700650892,-9.826646269260003
linear_4,cs,471663,qasm simulator,0.9999999999999997,2.170198961937716,12.820736924562382,31.47952426913255,243.69539893916357,380.23659924472236,6167.077675616849,-2355.20586921796,198768.45576212704,-490193.4387866554,6811282.922830702,-19832012.018224422,2.170198961937717,-3.2232979120151604,-5.415252529473296,-6.783723126952475,-6.869529423714964,-11.553380888740403
linear_4,cs,471663,qasm simulator,0.9999999999999997,2.1841479238754316,13.18076429527953,28.189995461586058,284.25794813764657,11.797364454789298,9963.153085999977,-39176.37699739996,568326.7539711222,-4157535.486724199,43500079.171144195,-386019722.67672855,2.1841479238754324,-3.6876536827185764,-6.744738623491679,-8.574196231555689,-9.377994430718555,-9.72315538327547
linear_4,cs,471663,qasm simulator,0.9999999999999997,2.179282006920415,12.782836446572828,32.556518446088894,229.39287164697743,548.3882998808597,4295.280289531064,16522.257368577222,7712.057033218628,1375661.4004942833,-11514752.3694851,158529483.42380354,2.179282006920416,-3.112475397512244,-4.5198611556181625,-4.523584775223342,-11.376471230290088,-10.346099803399614
linear_4,cs,471663,qasm simulator,0.9999999999999997,2.1739843119242717,12.907048148977776,27.27614537107006,280.47020184606777,-35.86718797036707,10000.265818258926,-41156.1327492286,572451.8658272978,-4207573.610748378,43355789.420678936,-382874948.1569568,2.1739843119242725,-3.669709400202681,-6.879869465830104,-8.507877827273733,-9.311406359302723,-9.696360933099356
linear_4,cs,471663,qasm simulator,0.9999999999999997,2.1936832910639277,12.108442899095284,33.60339961050688,214.5560158736512,471.5437420207315,5628.596196987653,-7285.798610099721,299712.3372148645,-2110929.8414097857,27135163.991311416,-261161151.55788508,2.1936832910639286,-2.7150023221819493,-5.076700135101088,-9.62763183487732,-10.7425330729373,-10.672598232236979
linear_4,cs,471663,qasm simulator,0.9999999999999997,2.19485294117647,13.396194472792326,24.82365146139822,320.50367345557373,-411.52732951194713,14148.231043602424,-83027.1572332101,1003356.8862082335,-8560360.697035031,87336595.58751687,-825051219.2831206,2.194852941176471,-4.092967029842978,-7.722849151198867,-9.205205870275098,-9.68740514076385,-9.871901764657427
linear_4,cs,471663,qasm simulator,0.9999999999999997,2.1898726640419985,13.029169324865006,31.40071709885919,251.47435335664048,376.9960643433888,6266.951943973474,-1371.8120735625726,188936.94116964884,-350977.87908777315,5465994.104018728,-6259774.176625337,2.1898726640419994,-3.3324551871304338,-5.435000148643784,-6.475125651283167,-6.502572066786245,-11.577131950265333
linear_4,cs,471663,qasm simulator,0.9999999999999997,2.1565274864562767,13.016779090069733,28.95132837306667,269.6915595877069,95.91390136912305,9002.664181858912,-32320.40124693493,501590.0368093464,-3611622.36566291,38417132.23391083,-341129979.4563582,2.1565274864562776,-3.524069782487136,-6.531584006403521,-8.587241682142594,-9.416591102371676,-9.733441769049223
linear_4,cs,471663,qasm simulator,0.9999999999999997,2.1899870242214527,12.743603402543714,31.276463677075444,242.55964221086873,343.7284600510181,6584.919077867578,-9831.410277450905,290972.94950650935,-1642390.4024194612,19954589.05282471,-166830582.0654321,2.1899870242214536,-3.2319952857550103,-5.591043246755683,-7.985140951471282,-9.480144235269108,-9.747787600922535
linear_4,cs,471663,qasm simulator,0.9999999999999997,2.198512712327097,13.019041542497947,27.384549706033788,294.1291299614044,-185.02464997090735,12259.636649756741,-67054.36529636469,875061.8061274952,-7507706.969815475,78966482.72476383,-757789471.202797,2.1985127123270978,-3.730378058590301,-7.4718573967895265,-9.419190048387401,-9.891979858107295,-9.936923529697577
linear_4,cs,471663,qasm simulator,0.9999999999999997,2.2169731167334854,13.241895665933843,28.326105846341072,293.74727157600006,-132.48284242050585,11796.848640107168,-61158.04462367873,810514.8438262988,-6794139.221458809,71293289.54417185,-676539495.1153237,2.2169731167334863,-3.7388757889240263,-7.354110140259136,-9.292092624605527,-9.802383066556972,-9.898318498024675
linear_4,cs,471663,qasm simulator,0.9999999999999997,2.147073910285151,12.963684975264728,31.001434387033175,239.42936387974027,503.5125006100117,4376.180180831669,18979.872807909487,-39618.451328233496,2032510.053476475,-19452513.083389804,248654779.29362682,2.147073910285152,-3.3011962989168677,-4.716477024030184,-62.02708589611671,-11.144743103675182,-10.282959454058695
linear_4,cs,471663,qasm simulator,0.9999999999999997,2.160142733564013,12.711074627624741,32.09447671184545,230.54799920871073,532.8139392017074,4219.10718631607,19214.748506715,-41223.41328184371,2058851.2622128811,-20076288.739753477,258750587.2597644,2.160142733564014,-3.1102163832668497,-4.602003751203495,-184.2430479953368,-11.423810225496162,-10.231433116420604
linear_4,cs,471663,qasm simulator,0.9999999999999997,2.180579584775086,13.099269801022174,29.728178123844206,254.76793662169592,333.717065600533,6116.095864705053,1151.0240005859716,137973.66163064292,265791.3733934009,-1998257.199272994,76167318.72436367,2.180579584775087,-3.5079374061836432,-5.44246974809619,-5.8646009103553585,-14.500482622371255,-10.579017105762757
linear_4,cs,471663,qasm simulator,0.9999999999999997,2.195826124567473,12.712512999618182,31.9644885933375,239.39151297418903,429.4294615638536,5523.143771990912,4635.259229810391,119600.02608599482,335943.8500125352,-1896137.9997381328,69338506.78379376,2.195826124567474,-3.1567804933109422,-5.225175631892802,-5.7824520495804395,-15.051361914529554,-10.583929440811753
linear_4,cs,471663,qasm simulator,0.9999999999999997,2.1841479238754316,12.597568117812331,28.137538636585468,279.1018273976049,-148.73680603027117,11781.469089960356,-65241.664317125535,854114.9057085931,-7363661.562393533,77374543.93462455,-742666670.0208528,2.1841479238754324,-3.4851990819683514,-7.645360058409554,-9.515925440321013,-9.869060474834816,-9.924460628348754
linear_4,cs,471663,qasm simulator,0.9999999999999997,2.1705233564013833,13.09680443114493,28.614368207804684,271.31792709518743,83.98455369800386,9010.885784213999,-32266.86535654815,498456.8458580906,-3582666.1021349863,38142694.472241804,-339162383.8415179,2.170523356401384,-3.601081618447741,-6.4994956191893785,-8.533642301607657,-9.457002314052707,-9.74529235090403
